"","Frame","Time","T13.y","T14.y","T15.y","T16.y","T17.y","T18.y","T19.y","T20.y","T21.y","T22.y","T23.y","T24.y","T25.y","T26.y","T27.y","T28.y","T29.y","T30.y","T31.y","T32.y","T33.y","T34.y","T35.y","T36.y","T37.y","T38.y","T39.y","T40.y","T41.y","T42.y","T43.y","T44.y","T45.y","T46.y","T47.y","T48.y","T49.y","T50.y","T51.y","T52.y","T53.y","T54.y","T55.y","T56.y","T57.y","T58.y","T59.y","T60.y","T61.y","T62.y"
"1",0,0,0,0,0,0,0,0.001,0.001,0,0,0,0.001,0,0,0,0.002,0.001,0.001,0,0,0,0,0,0,0,0,0,0.001,0,0,0.001,0,0,0,0,0,0,0,0,0,0,0,0,0,0,0,0,0,0,0,0
"2",1,0.0042,0.001,0.001,0.001,0.002,0.001,0.001,0.003,0.001,0.002,0.001,0.002,0.001,0.002,0.001,0.003,0.003,0.003,0.002,0.002,0.002,0.001,0.001,0.001,0.001,0.002,0,0.003,0.002,0.002,0.001,0.002,0,0,0.001,0.001,0.001,0.001,0.001,0.001,0,0.001,0.001,0,0.001,0.001,0.001,0,0,0,0
"3",2,0.0083,0.003,0.003,0.002,0.004,0.002,0.003,0.005,0.002,0.002,0.003,0.005,0.002,0.003,0.003,0.003,0.004,0.005,0.003,0.004,0.002,0.002,0.002,0.002,0.002,0.003,0.001,0.004,0.004,0.003,0.003,0.002,0.001,0.001,0.001,0.003,0.001,0.001,0.002,0.002,0.001,0.002,0.001,0.001,0.001,0.001,0.001,0.001,0.001,0.001,0.002
"4",3,0.0125,0.004,0.004,0.005,0.006,0.004,0.004,0.008,0.003,0.003,0.005,0.006,0.003,0.004,0.005,0.005,0.005,0.007,0.004,0.006,0.003,0.004,0.004,0.003,0.002,0.005,0.001,0.007,0.006,0.004,0.002,0.004,0.001,0.002,0.002,0.004,0.002,0.002,0.003,0.003,0.002,0.003,0.002,0.002,0.002,0.003,0.001,0.002,0.001,0.002,0.002
"5",4,0.0167,0.005,0.006,0.006,0.008,0.005,0.006,0.009,0.006,0.004,0.007,0.008,0.004,0.006,0.007,0.007,0.006,0.009,0.006,0.006,0.004,0.006,0.006,0.003,0.003,0.007,0.002,0.008,0.008,0.006,0.004,0.005,0.002,0.003,0.002,0.006,0.004,0.003,0.005,0.005,0.003,0.004,0.004,0.003,0.003,0.004,0.002,0.003,0.002,0.003,0.005
"6",5,0.0208,0.007,0.008,0.007,0.01,0.006,0.007,0.012,0.007,0.007,0.008,0.009,0.004,0.007,0.009,0.009,0.007,0.01,0.008,0.008,0.005,0.006,0.007,0.004,0.003,0.007,0.005,0.01,0.01,0.008,0.005,0.007,0.002,0.006,0.003,0.007,0.006,0.004,0.007,0.007,0.004,0.005,0.005,0.005,0.005,0.004,0.003,0.004,0.004,0.004,0.007
"7",6,0.025,0.009,0.01,0.009,0.011,0.009,0.009,0.013,0.008,0.01,0.01,0.011,0.006,0.009,0.011,0.011,0.009,0.012,0.009,0.01,0.007,0.007,0.008,0.005,0.004,0.009,0.006,0.012,0.011,0.01,0.007,0.008,0.003,0.008,0.004,0.009,0.008,0.006,0.008,0.009,0.005,0.007,0.007,0.005,0.006,0.005,0.004,0.005,0.006,0.005,0.009
"8",7,0.0292,0.011,0.012,0.011,0.013,0.01,0.01,0.015,0.01,0.011,0.012,0.013,0.007,0.011,0.012,0.013,0.01,0.015,0.012,0.011,0.009,0.009,0.011,0.007,0.005,0.011,0.008,0.015,0.014,0.011,0.008,0.01,0.004,0.009,0.006,0.011,0.01,0.007,0.01,0.011,0.008,0.009,0.007,0.008,0.008,0.007,0.006,0.007,0.007,0.006,0.011
"9",8,0.0333,0.013,0.013,0.013,0.015,0.013,0.012,0.017,0.012,0.013,0.014,0.015,0.009,0.013,0.014,0.014,0.011,0.017,0.014,0.014,0.01,0.01,0.013,0.008,0.007,0.013,0.009,0.017,0.017,0.014,0.01,0.011,0.006,0.011,0.007,0.012,0.012,0.008,0.012,0.013,0.009,0.01,0.009,0.009,0.009,0.008,0.007,0.009,0.009,0.008,0.013
"10",9,0.0375,0.015,0.015,0.016,0.018,0.015,0.014,0.02,0.013,0.015,0.016,0.017,0.01,0.014,0.017,0.017,0.013,0.019,0.016,0.016,0.011,0.012,0.015,0.01,0.007,0.016,0.012,0.02,0.02,0.016,0.013,0.014,0.007,0.012,0.009,0.014,0.015,0.01,0.015,0.015,0.011,0.012,0.011,0.01,0.01,0.01,0.009,0.009,0.01,0.01,0.015
"11",10,0.0417,0.018,0.018,0.018,0.021,0.017,0.016,0.023,0.016,0.017,0.017,0.02,0.012,0.017,0.019,0.019,0.015,0.022,0.018,0.018,0.012,0.014,0.017,0.011,0.01,0.018,0.013,0.023,0.023,0.02,0.015,0.016,0.01,0.015,0.01,0.017,0.016,0.012,0.017,0.018,0.013,0.014,0.014,0.011,0.012,0.012,0.011,0.012,0.012,0.012,0.017
"12",11,0.0458,0.02,0.02,0.02,0.023,0.02,0.018,0.026,0.019,0.02,0.02,0.022,0.014,0.019,0.021,0.022,0.017,0.025,0.022,0.02,0.014,0.017,0.019,0.015,0.012,0.021,0.016,0.026,0.026,0.022,0.018,0.017,0.011,0.017,0.012,0.02,0.019,0.014,0.019,0.02,0.015,0.017,0.016,0.013,0.014,0.014,0.013,0.015,0.014,0.014,0.02
"13",12,0.05,0.023,0.023,0.023,0.026,0.022,0.021,0.029,0.021,0.023,0.023,0.025,0.016,0.022,0.024,0.024,0.02,0.027,0.024,0.024,0.017,0.02,0.022,0.017,0.013,0.024,0.018,0.029,0.029,0.025,0.02,0.02,0.013,0.019,0.013,0.023,0.022,0.016,0.021,0.023,0.016,0.019,0.018,0.015,0.016,0.016,0.014,0.018,0.017,0.017,0.024
"14",13,0.0542,0.025,0.026,0.026,0.029,0.026,0.024,0.032,0.024,0.026,0.026,0.028,0.019,0.026,0.027,0.027,0.022,0.03,0.027,0.026,0.02,0.023,0.025,0.02,0.015,0.026,0.021,0.032,0.032,0.029,0.023,0.021,0.015,0.022,0.015,0.025,0.025,0.019,0.025,0.026,0.02,0.022,0.021,0.017,0.018,0.019,0.017,0.021,0.02,0.019,0.027
"15",14,0.0583,0.028,0.029,0.029,0.032,0.029,0.027,0.035,0.027,0.029,0.029,0.031,0.022,0.028,0.03,0.031,0.025,0.033,0.03,0.029,0.022,0.026,0.027,0.023,0.017,0.03,0.024,0.036,0.035,0.032,0.026,0.024,0.017,0.025,0.017,0.029,0.028,0.022,0.029,0.03,0.022,0.024,0.024,0.021,0.021,0.021,0.019,0.025,0.022,0.022,0.031
"16",15,0.0625,0.032,0.033,0.032,0.036,0.032,0.03,0.039,0.03,0.033,0.032,0.034,0.024,0.032,0.034,0.034,0.028,0.037,0.033,0.032,0.025,0.029,0.031,0.026,0.02,0.033,0.027,0.039,0.039,0.035,0.029,0.027,0.02,0.028,0.02,0.031,0.031,0.025,0.032,0.032,0.025,0.027,0.027,0.022,0.024,0.024,0.022,0.028,0.025,0.025,0.034
"17",16,0.0667,0.035,0.036,0.035,0.039,0.035,0.033,0.042,0.033,0.035,0.034,0.037,0.028,0.034,0.037,0.038,0.031,0.04,0.037,0.035,0.028,0.033,0.034,0.028,0.023,0.036,0.03,0.043,0.043,0.039,0.033,0.03,0.023,0.031,0.024,0.035,0.034,0.028,0.034,0.036,0.028,0.031,0.03,0.026,0.026,0.027,0.024,0.031,0.028,0.027,0.038
"18",17,0.0708,0.039,0.039,0.039,0.043,0.038,0.036,0.046,0.036,0.038,0.038,0.041,0.031,0.037,0.041,0.041,0.034,0.045,0.04,0.038,0.031,0.036,0.037,0.031,0.026,0.04,0.034,0.047,0.047,0.043,0.036,0.033,0.025,0.034,0.026,0.039,0.037,0.03,0.037,0.039,0.031,0.033,0.034,0.029,0.029,0.03,0.028,0.035,0.032,0.03,0.042
"19",18,0.075,0.043,0.043,0.043,0.048,0.042,0.039,0.05,0.039,0.043,0.042,0.045,0.034,0.041,0.044,0.044,0.038,0.049,0.045,0.041,0.034,0.039,0.041,0.034,0.029,0.044,0.037,0.051,0.05,0.047,0.039,0.038,0.028,0.038,0.029,0.042,0.041,0.033,0.041,0.043,0.035,0.037,0.037,0.032,0.032,0.034,0.031,0.038,0.034,0.034,0.046
"20",19,0.0792,0.047,0.046,0.046,0.051,0.046,0.043,0.054,0.043,0.046,0.045,0.049,0.038,0.044,0.048,0.049,0.041,0.052,0.048,0.045,0.038,0.043,0.044,0.038,0.032,0.048,0.041,0.056,0.055,0.051,0.043,0.041,0.032,0.041,0.032,0.045,0.045,0.037,0.044,0.046,0.038,0.041,0.04,0.035,0.036,0.036,0.034,0.042,0.038,0.038,0.05
"21",20,0.0833,0.051,0.05,0.05,0.056,0.05,0.046,0.059,0.046,0.05,0.049,0.053,0.041,0.048,0.053,0.054,0.045,0.057,0.053,0.05,0.041,0.047,0.049,0.042,0.036,0.052,0.044,0.06,0.059,0.074,0.047,0.044,0.035,0.045,0.035,0.049,0.049,0.041,0.048,0.051,0.042,0.044,0.043,0.038,0.039,0.04,0.037,0.046,0.042,0.04,0.054
"22",21,0.0875,0.055,0.054,0.055,0.06,0.054,0.051,0.063,0.05,0.054,0.053,0.057,0.046,0.053,0.056,0.058,0.048,0.061,0.056,0.053,0.045,0.051,0.053,0.045,0.038,0.055,0.048,0.064,0.064,0.079,0.051,0.047,0.038,0.049,0.038,0.053,0.053,0.045,0.053,0.055,0.046,0.049,0.047,0.041,0.043,0.043,0.041,0.051,0.046,0.045,0.058
"23",22,0.0917,0.06,0.059,0.058,0.064,0.058,0.055,0.066,0.054,0.058,0.056,0.061,0.049,0.057,0.061,0.062,0.053,0.065,0.061,0.057,0.049,0.055,0.057,0.049,0.042,0.06,0.052,0.068,0.068,0.084,0.056,0.052,0.041,0.053,0.042,0.057,0.057,0.048,0.057,0.059,0.049,0.053,0.051,0.045,0.047,0.047,0.045,0.055,0.05,0.048,0.063
"24",23,0.0958,0.064,0.063,0.063,0.069,0.062,0.06,0.07,0.058,0.063,0.06,0.066,0.053,0.062,0.066,0.067,0.057,0.07,0.065,0.062,0.054,0.059,0.062,0.052,0.045,0.064,0.058,0.073,0.072,0.089,0.06,0.056,0.045,0.057,0.045,0.061,0.061,0.053,0.061,0.064,0.053,0.057,0.056,0.049,0.051,0.051,0.048,0.06,0.054,0.052,0.068
"25",24,0.1,0.069,0.068,0.067,0.074,0.067,0.064,0.076,0.063,0.067,0.065,0.07,0.058,0.066,0.07,0.071,0.062,0.074,0.069,0.066,0.058,0.064,0.066,0.057,0.048,0.069,0.062,0.078,0.077,0.094,0.065,0.06,0.049,0.061,0.049,0.065,0.066,0.057,0.065,0.069,0.058,0.061,0.059,0.053,0.055,0.055,0.052,0.064,0.058,0.057,0.073
"26",25,0.1042,0.073,0.073,0.072,0.079,0.071,0.068,0.079,0.067,0.071,0.069,0.075,0.062,0.07,0.075,0.075,0.066,0.079,0.074,0.07,0.062,0.068,0.071,0.061,0.053,0.074,0.067,0.082,0.081,0.1,0.069,0.064,0.053,0.066,0.053,0.069,0.071,0.06,0.069,0.074,0.062,0.066,0.064,0.057,0.059,0.06,0.056,0.069,0.063,0.061,0.079
"27",26,0.1083,0.078,0.077,0.076,0.084,0.076,0.073,0.084,0.071,0.077,0.074,0.08,0.066,0.075,0.079,0.08,0.069,0.084,0.079,0.075,0.067,0.074,0.075,0.067,0.057,0.079,0.072,0.087,0.087,0.106,0.074,0.069,0.057,0.071,0.057,0.074,0.075,0.065,0.074,0.08,0.066,0.07,0.068,0.062,0.064,0.064,0.061,0.073,0.068,0.065,0.084
"28",27,0.1125,0.083,0.082,0.081,0.09,0.081,0.077,0.09,0.076,0.081,0.078,0.085,0.071,0.079,0.085,0.085,0.074,0.09,0.084,0.08,0.071,0.079,0.08,0.07,0.061,0.084,0.077,0.093,0.092,0.111,0.079,0.073,0.061,0.076,0.061,0.079,0.08,0.069,0.079,0.085,0.071,0.076,0.073,0.065,0.069,0.069,0.065,0.079,0.072,0.07,0.089
"29",28,0.1167,0.089,0.088,0.086,0.095,0.086,0.082,0.095,0.081,0.086,0.084,0.091,0.076,0.084,0.09,0.09,0.079,0.094,0.09,0.085,0.077,0.083,0.085,0.075,0.066,0.089,0.083,0.099,0.098,0.117,0.084,0.078,0.066,0.081,0.066,0.084,0.085,0.074,0.083,0.089,0.077,0.081,0.077,0.07,0.073,0.075,0.07,0.083,0.078,0.075,0.094
"30",29,0.1208,0.094,0.093,0.091,0.101,0.09,0.087,0.1,0.086,0.092,0.089,0.096,0.081,0.09,0.095,0.095,0.084,0.1,0.094,0.089,0.082,0.088,0.09,0.079,0.07,0.094,0.087,0.104,0.103,0.123,0.09,0.082,0.07,0.087,0.07,0.089,0.091,0.08,0.087,0.095,0.081,0.085,0.082,0.075,0.078,0.078,0.074,0.089,0.083,0.08,0.1
"31",30,0.125,0.099,0.098,0.097,0.107,0.096,0.093,0.105,0.091,0.097,0.094,0.101,0.086,0.095,0.1,0.101,0.089,0.106,0.1,0.095,0.087,0.094,0.096,0.085,0.075,0.099,0.093,0.11,0.109,0.129,0.094,0.087,0.076,0.092,0.075,0.094,0.096,0.085,0.093,0.1,0.086,0.09,0.087,0.08,0.082,0.084,0.079,0.095,0.088,0.085,0.106
"32",31,0.1292,0.106,0.104,0.102,0.112,0.102,0.098,0.11,0.096,0.102,0.1,0.107,0.092,0.1,0.106,0.106,0.094,0.111,0.106,0.1,0.093,0.099,0.1,0.089,0.079,0.106,0.099,0.115,0.114,0.136,0.1,0.093,0.08,0.097,0.08,0.098,0.101,0.09,0.098,0.105,0.092,0.096,0.092,0.085,0.088,0.089,0.084,0.1,0.093,0.091,0.113
"33",32,0.1333,0.11,0.11,0.107,0.118,0.106,0.104,0.116,0.101,0.108,0.105,0.113,0.096,0.105,0.111,0.112,0.099,0.117,0.112,0.105,0.098,0.104,0.106,0.094,0.085,0.112,0.105,0.121,0.121,0.142,0.106,0.097,0.086,0.102,0.084,0.104,0.107,0.096,0.103,0.111,0.097,0.101,0.097,0.09,0.093,0.095,0.088,0.106,0.099,0.095,0.119
"34",33,0.1375,0.117,0.115,0.112,0.124,0.112,0.109,0.122,0.108,0.113,0.11,0.119,0.102,0.111,0.117,0.118,0.104,0.123,0.118,0.111,0.104,0.11,0.111,0.1,0.09,0.117,0.11,0.127,0.126,0.148,0.111,0.103,0.091,0.108,0.089,0.109,0.113,0.101,0.109,0.117,0.103,0.107,0.102,0.095,0.099,0.1,0.093,0.113,0.105,0.101,0.125
"35",34,0.1417,0.123,0.12,0.117,0.13,0.118,0.115,0.127,0.112,0.119,0.117,0.124,0.108,0.116,0.123,0.124,0.109,0.128,0.123,0.116,0.109,0.116,0.117,0.105,0.095,0.124,0.117,0.133,0.132,0.154,0.118,0.109,0.096,0.113,0.095,0.115,0.118,0.107,0.114,0.124,0.108,0.113,0.107,0.101,0.104,0.107,0.099,0.12,0.11,0.106,0.132
"36",35,0.1458,0.13,0.127,0.124,0.137,0.124,0.121,0.132,0.118,0.125,0.121,0.131,0.114,0.122,0.129,0.131,0.115,0.135,0.13,0.122,0.116,0.122,0.123,0.111,0.1,0.129,0.123,0.14,0.139,0.161,0.123,0.115,0.102,0.12,0.1,0.12,0.124,0.112,0.119,0.13,0.114,0.119,0.113,0.106,0.11,0.112,0.105,0.126,0.116,0.113,0.138
"37",36,0.15,0.136,0.133,0.13,0.144,0.13,0.128,0.138,0.124,0.131,0.127,0.137,0.12,0.128,0.134,0.137,0.121,0.141,0.135,0.128,0.122,0.128,0.129,0.115,0.106,0.136,0.129,0.146,0.145,0.167,0.13,0.121,0.108,0.126,0.105,0.126,0.131,0.117,0.125,0.136,0.119,0.124,0.119,0.112,0.116,0.117,0.11,0.132,0.122,0.118,0.144
"38",37,0.1542,0.143,0.139,0.136,0.15,0.136,0.133,0.145,0.129,0.137,0.132,0.143,0.126,0.134,0.141,0.143,0.127,0.148,0.141,0.134,0.128,0.135,0.134,0.122,0.11,0.142,0.135,0.153,0.151,0.175,0.136,0.128,0.113,0.132,0.111,0.132,0.137,0.123,0.131,0.142,0.125,0.13,0.125,0.117,0.122,0.124,0.115,0.138,0.129,0.125,0.151
"39",38,0.1583,0.15,0.145,0.142,0.156,0.143,0.14,0.15,0.136,0.143,0.139,0.15,0.133,0.14,0.147,0.15,0.133,0.153,0.148,0.14,0.135,0.141,0.141,0.128,0.116,0.148,0.143,0.159,0.158,0.181,0.142,0.133,0.12,0.139,0.116,0.137,0.143,0.129,0.136,0.149,0.131,0.136,0.131,0.123,0.127,0.13,0.121,0.145,0.135,0.13,0.157
"40",39,0.1625,0.157,0.152,0.148,0.164,0.149,0.145,0.155,0.142,0.15,0.144,0.155,0.139,0.147,0.154,0.157,0.139,0.16,0.155,0.145,0.14,0.147,0.147,0.134,0.123,0.155,0.15,0.165,0.164,0.188,0.148,0.14,0.126,0.145,0.122,0.143,0.15,0.136,0.142,0.155,0.137,0.141,0.136,0.128,0.134,0.135,0.127,0.152,0.142,0.137,0.164
"41",40,0.1667,0.165,0.158,0.155,0.171,0.155,0.152,0.162,0.148,0.157,0.15,0.162,0.145,0.153,0.16,0.163,0.145,0.167,0.161,0.152,0.147,0.154,0.153,0.14,0.128,0.162,0.156,0.172,0.171,0.195,0.155,0.145,0.132,0.152,0.129,0.149,0.156,0.142,0.148,0.162,0.144,0.148,0.143,0.135,0.14,0.142,0.132,0.159,0.148,0.143,0.171
"42",41,0.1708,0.171,0.165,0.162,0.178,0.162,0.159,0.17,0.154,0.164,0.157,0.169,0.152,0.16,0.167,0.17,0.151,0.174,0.167,0.157,0.154,0.162,0.159,0.146,0.135,0.168,0.163,0.178,0.178,0.201,0.161,0.151,0.138,0.159,0.135,0.155,0.163,0.148,0.155,0.169,0.149,0.155,0.148,0.141,0.147,0.148,0.138,0.166,0.154,0.15,0.179
"43",42,0.175,0.178,0.172,0.169,0.186,0.168,0.165,0.176,0.161,0.17,0.163,0.176,0.158,0.166,0.173,0.177,0.158,0.181,0.175,0.164,0.161,0.168,0.165,0.152,0.141,0.175,0.17,0.186,0.185,0.209,0.168,0.157,0.144,0.165,0.141,0.162,0.17,0.155,0.161,0.176,0.156,0.161,0.156,0.147,0.153,0.155,0.143,0.173,0.161,0.156,0.186
"44",43,0.1792,0.185,0.179,0.177,0.193,0.175,0.172,0.183,0.167,0.177,0.17,0.182,0.165,0.172,0.18,0.185,0.164,0.188,0.182,0.17,0.168,0.175,0.172,0.159,0.147,0.182,0.177,0.192,0.192,0.217,0.174,0.164,0.151,0.173,0.147,0.168,0.176,0.161,0.167,0.182,0.163,0.169,0.162,0.153,0.159,0.162,0.151,0.18,0.168,0.162,0.193
"45",44,0.1833,0.192,0.185,0.183,0.2,0.182,0.179,0.189,0.174,0.185,0.176,0.19,0.172,0.179,0.187,0.192,0.171,0.196,0.189,0.176,0.175,0.181,0.179,0.166,0.153,0.188,0.184,0.199,0.198,0.223,0.182,0.172,0.157,0.181,0.153,0.176,0.184,0.168,0.174,0.19,0.169,0.175,0.169,0.16,0.166,0.169,0.156,0.187,0.175,0.169,0.201
"46",45,0.1875,0.2,0.192,0.189,0.208,0.188,0.187,0.196,0.18,0.192,0.181,0.197,0.179,0.187,0.195,0.2,0.177,0.203,0.195,0.183,0.182,0.189,0.186,0.172,0.159,0.196,0.192,0.206,0.205,0.231,0.189,0.178,0.164,0.188,0.16,0.181,0.19,0.175,0.18,0.197,0.177,0.183,0.176,0.166,0.173,0.175,0.163,0.195,0.182,0.177,0.208
"47",46,0.1917,0.207,0.199,0.197,0.216,0.195,0.194,0.202,0.186,0.2,0.188,0.204,0.186,0.194,0.201,0.207,0.184,0.21,0.203,0.19,0.189,0.196,0.192,0.181,0.167,0.202,0.199,0.213,0.211,0.238,0.195,0.185,0.17,0.195,0.166,0.188,0.197,0.182,0.186,0.204,0.184,0.188,0.182,0.173,0.179,0.182,0.171,0.202,0.189,0.185,0.216
"48",47,0.1958,0.215,0.207,0.205,0.223,0.201,0.202,0.211,0.195,0.207,0.194,0.211,0.193,0.2,0.21,0.214,0.191,0.218,0.21,0.197,0.197,0.203,0.2,0.187,0.172,0.21,0.206,0.22,0.219,0.245,0.202,0.192,0.178,0.204,0.173,0.195,0.204,0.189,0.193,0.211,0.19,0.196,0.189,0.179,0.187,0.189,0.176,0.21,0.197,0.191,0.224
"49",48,0.2,0.224,0.214,0.213,0.232,0.209,0.209,0.217,0.201,0.214,0.202,0.22,0.2,0.207,0.217,0.222,0.197,0.227,0.218,0.204,0.204,0.21,0.207,0.194,0.179,0.217,0.214,0.227,0.226,0.253,0.21,0.199,0.186,0.211,0.18,0.202,0.212,0.196,0.2,0.22,0.198,0.203,0.196,0.186,0.193,0.195,0.182,0.218,0.204,0.198,0.231
"50",49,0.2042,0.231,0.221,0.221,0.24,0.216,0.216,0.225,0.208,0.222,0.208,0.226,0.208,0.213,0.224,0.23,0.205,0.234,0.225,0.211,0.213,0.218,0.213,0.2,0.186,0.225,0.222,0.235,0.233,0.26,0.217,0.206,0.193,0.218,0.187,0.208,0.22,0.204,0.207,0.228,0.205,0.211,0.202,0.194,0.2,0.204,0.19,0.225,0.212,0.206,0.239
"51",50,0.2083,0.239,0.23,0.228,0.249,0.223,0.225,0.232,0.215,0.23,0.215,0.236,0.215,0.221,0.232,0.239,0.212,0.242,0.234,0.218,0.22,0.226,0.22,0.207,0.193,0.232,0.229,0.242,0.241,0.269,0.226,0.213,0.2,0.227,0.195,0.215,0.227,0.212,0.213,0.235,0.211,0.218,0.209,0.2,0.208,0.211,0.195,0.233,0.22,0.213,0.247
"52",51,0.2125,0.247,0.237,0.236,0.256,0.232,0.231,0.239,0.222,0.237,0.223,0.243,0.222,0.228,0.24,0.247,0.22,0.251,0.242,0.226,0.228,0.232,0.228,0.213,0.199,0.239,0.237,0.251,0.25,0.276,0.233,0.22,0.208,0.236,0.202,0.222,0.234,0.22,0.22,0.244,0.219,0.226,0.216,0.207,0.215,0.219,0.203,0.241,0.228,0.222,0.255
"53",52,0.2167,0.255,0.245,0.243,0.264,0.238,0.24,0.247,0.23,0.246,0.228,0.25,0.23,0.236,0.248,0.254,0.227,0.258,0.25,0.232,0.236,0.241,0.235,0.223,0.205,0.247,0.244,0.257,0.256,0.284,0.24,0.227,0.216,0.243,0.208,0.229,0.242,0.226,0.227,0.252,0.226,0.233,0.224,0.215,0.223,0.226,0.21,0.25,0.235,0.228,0.263
"54",53,0.2208,0.264,0.252,0.251,0.273,0.246,0.248,0.254,0.238,0.255,0.236,0.258,0.238,0.243,0.256,0.263,0.234,0.267,0.257,0.239,0.245,0.248,0.243,0.23,0.214,0.254,0.254,0.265,0.264,0.292,0.248,0.234,0.224,0.252,0.216,0.237,0.25,0.235,0.234,0.26,0.234,0.241,0.231,0.223,0.23,0.234,0.216,0.257,0.243,0.236,0.272
"55",54,0.225,0.272,0.26,0.26,0.281,0.252,0.257,0.261,0.246,0.263,0.242,0.266,0.246,0.251,0.264,0.271,0.243,0.275,0.266,0.247,0.253,0.257,0.252,0.239,0.221,0.263,0.262,0.273,0.272,0.3,0.256,0.241,0.231,0.261,0.224,0.244,0.258,0.243,0.241,0.268,0.242,0.249,0.239,0.229,0.238,0.241,0.224,0.264,0.252,0.244,0.28
"56",55,0.2292,0.281,0.268,0.268,0.29,0.26,0.264,0.268,0.252,0.269,0.249,0.274,0.254,0.258,0.271,0.279,0.25,0.284,0.275,0.254,0.261,0.265,0.259,0.246,0.228,0.27,0.27,0.282,0.279,0.309,0.263,0.25,0.24,0.269,0.231,0.251,0.267,0.252,0.249,0.278,0.25,0.257,0.246,0.237,0.247,0.249,0.231,0.273,0.26,0.251,0.289
"57",56,0.2333,0.289,0.277,0.275,0.299,0.268,0.272,0.276,0.261,0.279,0.256,0.282,0.262,0.266,0.28,0.288,0.258,0.292,0.282,0.262,0.27,0.272,0.267,0.253,0.235,0.278,0.279,0.289,0.288,0.317,0.271,0.258,0.247,0.277,0.24,0.258,0.274,0.26,0.257,0.286,0.257,0.266,0.253,0.244,0.255,0.258,0.238,0.282,0.268,0.26,0.297
"58",57,0.2375,0.297,0.285,0.284,0.307,0.276,0.281,0.284,0.269,0.286,0.264,0.29,0.271,0.274,0.288,0.296,0.266,0.301,0.291,0.269,0.279,0.28,0.275,0.262,0.243,0.286,0.287,0.297,0.295,0.325,0.279,0.265,0.255,0.286,0.247,0.266,0.282,0.268,0.263,0.294,0.267,0.274,0.261,0.252,0.264,0.266,0.245,0.29,0.277,0.269,0.305
"59",58,0.2417,0.306,0.293,0.292,0.317,0.283,0.289,0.292,0.276,0.296,0.271,0.298,0.279,0.282,0.296,0.306,0.274,0.31,0.298,0.277,0.287,0.288,0.283,0.269,0.252,0.295,0.295,0.304,0.303,0.333,0.287,0.272,0.265,0.294,0.255,0.274,0.291,0.276,0.271,0.302,0.274,0.282,0.269,0.26,0.272,0.274,0.252,0.298,0.286,0.276,0.315
"60",59,0.2458,0.315,0.301,0.301,0.326,0.291,0.298,0.299,0.284,0.304,0.279,0.307,0.287,0.29,0.305,0.318,0.283,0.318,0.307,0.284,0.295,0.296,0.289,0.277,0.259,0.303,0.305,0.313,0.312,0.341,0.295,0.28,0.272,0.304,0.263,0.281,0.299,0.284,0.278,0.312,0.282,0.29,0.277,0.267,0.28,0.282,0.26,0.306,0.294,0.285,0.324
"61",60,0.25,0.324,0.309,0.31,0.334,0.299,0.307,0.308,0.291,0.312,0.286,0.316,0.295,0.298,0.313,0.324,0.29,0.328,0.316,0.291,0.304,0.305,0.298,0.284,0.266,0.31,0.313,0.321,0.32,0.349,0.304,0.287,0.282,0.312,0.271,0.289,0.308,0.294,0.286,0.321,0.291,0.297,0.285,0.275,0.288,0.29,0.268,0.315,0.303,0.293,0.332
"62",61,0.2542,0.334,0.317,0.317,0.344,0.306,0.316,0.316,0.301,0.322,0.293,0.323,0.304,0.306,0.323,0.331,0.3,0.336,0.324,0.299,0.312,0.313,0.305,0.292,0.275,0.318,0.324,0.328,0.327,0.357,0.312,0.295,0.29,0.322,0.279,0.297,0.317,0.302,0.293,0.331,0.299,0.306,0.292,0.283,0.298,0.3,0.275,0.324,0.312,0.3,0.342
"63",62,0.2583,0.342,0.325,0.326,0.353,0.314,0.324,0.323,0.308,0.33,0.301,0.332,0.312,0.315,0.331,0.343,0.306,0.347,0.334,0.306,0.323,0.321,0.314,0.301,0.282,0.326,0.332,0.337,0.336,0.366,0.32,0.302,0.298,0.332,0.287,0.305,0.325,0.311,0.301,0.34,0.307,0.315,0.3,0.29,0.305,0.308,0.283,0.333,0.321,0.31,0.349
"64",63,0.2625,0.352,0.334,0.334,0.364,0.322,0.333,0.331,0.317,0.339,0.308,0.34,0.32,0.323,0.34,0.351,0.317,0.355,0.342,0.314,0.331,0.33,0.322,0.308,0.289,0.335,0.342,0.346,0.344,0.373,0.328,0.31,0.308,0.341,0.296,0.312,0.335,0.319,0.309,0.35,0.316,0.323,0.308,0.298,0.313,0.316,0.291,0.341,0.33,0.319,0.359
"65",64,0.2667,0.36,0.343,0.342,0.371,0.331,0.342,0.339,0.324,0.348,0.317,0.349,0.328,0.331,0.348,0.359,0.324,0.365,0.351,0.322,0.34,0.338,0.33,0.316,0.298,0.343,0.351,0.355,0.354,0.382,0.336,0.318,0.317,0.352,0.305,0.321,0.344,0.328,0.317,0.359,0.324,0.331,0.316,0.305,0.324,0.326,0.299,0.351,0.339,0.327,0.367
"66",65,0.2708,0.369,0.352,0.351,0.38,0.337,0.35,0.348,0.333,0.357,0.324,0.358,0.338,0.338,0.358,0.368,0.333,0.374,0.36,0.33,0.349,0.346,0.338,0.324,0.306,0.352,0.36,0.362,0.361,0.39,0.345,0.326,0.327,0.362,0.312,0.33,0.353,0.337,0.325,0.368,0.331,0.341,0.324,0.314,0.333,0.334,0.306,0.359,0.349,0.337,0.377
"67",66,0.275,0.377,0.36,0.359,0.39,0.346,0.359,0.357,0.342,0.367,0.332,0.367,0.346,0.348,0.367,0.378,0.342,0.384,0.369,0.339,0.358,0.355,0.346,0.333,0.314,0.361,0.369,0.372,0.37,0.398,0.353,0.335,0.336,0.37,0.321,0.338,0.363,0.347,0.333,0.378,0.341,0.35,0.332,0.322,0.342,0.343,0.314,0.369,0.358,0.345,0.386
"68",67,0.2792,0.387,0.368,0.368,0.4,0.354,0.368,0.364,0.349,0.377,0.341,0.376,0.355,0.356,0.378,0.387,0.349,0.394,0.378,0.346,0.368,0.363,0.354,0.34,0.322,0.368,0.379,0.379,0.378,0.407,0.361,0.342,0.347,0.38,0.33,0.346,0.371,0.356,0.341,0.387,0.35,0.358,0.34,0.33,0.352,0.352,0.322,0.378,0.366,0.354,0.397
"69",68,0.2833,0.396,0.377,0.377,0.408,0.362,0.377,0.373,0.357,0.384,0.348,0.384,0.365,0.365,0.386,0.397,0.359,0.403,0.387,0.355,0.378,0.372,0.364,0.349,0.33,0.378,0.388,0.388,0.387,0.416,0.37,0.351,0.356,0.39,0.338,0.354,0.38,0.365,0.349,0.397,0.358,0.367,0.348,0.338,0.362,0.361,0.329,0.386,0.376,0.363,0.406
"70",69,0.2875,0.405,0.387,0.386,0.419,0.37,0.387,0.381,0.366,0.395,0.356,0.393,0.373,0.373,0.396,0.406,0.368,0.413,0.396,0.363,0.387,0.381,0.372,0.356,0.338,0.386,0.398,0.397,0.395,0.425,0.379,0.359,0.366,0.399,0.348,0.362,0.389,0.374,0.357,0.408,0.367,0.375,0.357,0.345,0.371,0.37,0.337,0.396,0.386,0.371,0.414
"71",70,0.2917,0.415,0.395,0.394,0.427,0.38,0.395,0.389,0.375,0.405,0.364,0.402,0.383,0.382,0.404,0.416,0.377,0.424,0.407,0.371,0.397,0.389,0.38,0.366,0.345,0.394,0.408,0.406,0.404,0.433,0.388,0.367,0.376,0.411,0.357,0.371,0.399,0.384,0.366,0.418,0.375,0.384,0.366,0.355,0.381,0.38,0.346,0.405,0.395,0.38,0.425
"72",71,0.2958,0.424,0.403,0.405,0.439,0.387,0.405,0.397,0.383,0.414,0.372,0.412,0.391,0.391,0.415,0.426,0.386,0.433,0.416,0.379,0.407,0.398,0.39,0.374,0.354,0.403,0.418,0.414,0.413,0.442,0.396,0.376,0.385,0.422,0.366,0.379,0.41,0.393,0.374,0.427,0.384,0.393,0.374,0.364,0.39,0.39,0.354,0.414,0.405,0.39,0.434
"73",72,0.3,0.434,0.412,0.412,0.447,0.396,0.414,0.407,0.392,0.424,0.38,0.42,0.401,0.4,0.424,0.436,0.396,0.444,0.424,0.387,0.417,0.407,0.398,0.382,0.362,0.412,0.428,0.422,0.421,0.451,0.405,0.385,0.395,0.432,0.375,0.388,0.419,0.403,0.382,0.438,0.393,0.402,0.383,0.371,0.4,0.398,0.363,0.423,0.415,0.399,0.443
"74",73,0.3042,0.442,0.421,0.421,0.458,0.404,0.423,0.415,0.4,0.433,0.388,0.429,0.409,0.41,0.434,0.446,0.404,0.453,0.433,0.395,0.426,0.416,0.407,0.392,0.371,0.421,0.437,0.432,0.431,0.46,0.413,0.394,0.406,0.442,0.383,0.397,0.427,0.414,0.391,0.448,0.402,0.41,0.391,0.379,0.41,0.408,0.37,0.433,0.424,0.408,0.453
"75",74,0.3083,0.451,0.429,0.43,0.467,0.414,0.432,0.423,0.408,0.443,0.397,0.438,0.418,0.418,0.444,0.455,0.414,0.463,0.443,0.404,0.438,0.425,0.415,0.399,0.38,0.429,0.447,0.44,0.439,0.47,0.422,0.401,0.415,0.452,0.392,0.407,0.438,0.424,0.399,0.459,0.413,0.419,0.4,0.388,0.42,0.417,0.379,0.442,0.434,0.417,0.463
"76",75,0.3125,0.462,0.438,0.438,0.479,0.422,0.441,0.432,0.417,0.452,0.403,0.448,0.428,0.427,0.454,0.466,0.422,0.474,0.454,0.412,0.448,0.435,0.424,0.408,0.389,0.439,0.457,0.45,0.447,0.478,0.43,0.41,0.425,0.463,0.403,0.415,0.449,0.433,0.408,0.47,0.423,0.429,0.409,0.396,0.429,0.427,0.386,0.452,0.444,0.425,0.473
"77",76,0.3167,0.471,0.447,0.448,0.488,0.43,0.45,0.441,0.426,0.463,0.412,0.456,0.439,0.435,0.463,0.476,0.434,0.483,0.463,0.42,0.458,0.444,0.432,0.417,0.397,0.448,0.467,0.458,0.457,0.487,0.439,0.42,0.435,0.473,0.411,0.424,0.459,0.443,0.417,0.481,0.431,0.438,0.417,0.405,0.44,0.435,0.394,0.46,0.453,0.435,0.482
"78",77,0.3208,0.482,0.456,0.457,0.5,0.438,0.459,0.451,0.436,0.473,0.42,0.466,0.448,0.445,0.473,0.485,0.443,0.495,0.473,0.429,0.468,0.454,0.442,0.425,0.406,0.456,0.478,0.467,0.466,0.496,0.448,0.428,0.446,0.483,0.421,0.433,0.469,0.452,0.426,0.492,0.44,0.447,0.426,0.414,0.451,0.447,0.403,0.471,0.464,0.444,0.491
"79",78,0.325,0.492,0.465,0.465,0.511,0.447,0.468,0.458,0.444,0.483,0.428,0.475,0.457,0.454,0.484,0.496,0.452,0.506,0.484,0.437,0.479,0.463,0.45,0.433,0.414,0.466,0.488,0.476,0.475,0.505,0.456,0.436,0.458,0.494,0.43,0.442,0.479,0.462,0.435,0.503,0.449,0.457,0.435,0.422,0.46,0.456,0.411,0.48,0.474,0.454,0.502
"80",79,0.3292,0.5,0.474,0.475,0.52,0.456,0.478,0.468,0.452,0.493,0.437,0.484,0.468,0.463,0.494,0.506,0.462,0.516,0.494,0.446,0.49,0.472,0.459,0.441,0.422,0.475,0.499,0.486,0.484,0.513,0.466,0.445,0.467,0.505,0.44,0.45,0.489,0.473,0.442,0.514,0.458,0.466,0.445,0.43,0.47,0.465,0.42,0.49,0.484,0.463,0.512
"81",80,0.3333,0.509,0.483,0.485,0.531,0.466,0.486,0.478,0.462,0.504,0.446,0.493,0.476,0.472,0.503,0.516,0.47,0.526,0.504,0.453,0.501,0.479,0.467,0.45,0.432,0.484,0.509,0.494,0.492,0.522,0.474,0.454,0.477,0.516,0.45,0.46,0.5,0.483,0.452,0.526,0.468,0.475,0.454,0.44,0.48,0.475,0.428,0.501,0.495,0.472,0.522
"82",81,0.3375,0.52,0.492,0.494,0.543,0.475,0.495,0.485,0.471,0.512,0.455,0.503,0.487,0.481,0.514,0.527,0.48,0.536,0.516,0.462,0.511,0.49,0.476,0.459,0.44,0.493,0.519,0.504,0.503,0.531,0.483,0.464,0.487,0.527,0.461,0.468,0.511,0.494,0.46,0.537,0.478,0.484,0.463,0.449,0.492,0.485,0.436,0.51,0.505,0.481,0.53
"83",82,0.3417,0.531,0.502,0.502,0.554,0.483,0.505,0.496,0.48,0.521,0.463,0.512,0.497,0.491,0.524,0.536,0.49,0.548,0.525,0.47,0.521,0.499,0.486,0.467,0.448,0.502,0.529,0.513,0.512,0.54,0.491,0.473,0.497,0.536,0.468,0.478,0.521,0.504,0.469,0.548,0.487,0.493,0.471,0.456,0.501,0.495,0.446,0.519,0.516,0.49,0.542
"84",83,0.3458,0.542,0.511,0.512,0.564,0.492,0.515,0.504,0.49,0.532,0.471,0.522,0.507,0.501,0.534,0.546,0.501,0.558,0.536,0.48,0.532,0.508,0.496,0.476,0.457,0.511,0.539,0.522,0.521,0.548,0.501,0.482,0.508,0.548,0.48,0.487,0.532,0.517,0.48,0.558,0.496,0.503,0.481,0.466,0.512,0.505,0.453,0.529,0.526,0.499,0.552
"85",84,0.35,0.553,0.52,0.52,0.576,0.501,0.525,0.512,0.498,0.544,0.48,0.53,0.517,0.51,0.544,0.556,0.511,0.568,0.547,0.488,0.543,0.518,0.504,0.484,0.466,0.52,0.55,0.531,0.53,0.557,0.509,0.489,0.518,0.56,0.489,0.496,0.543,0.526,0.488,0.571,0.506,0.513,0.491,0.476,0.523,0.514,0.462,0.538,0.537,0.509,0.562
"86",85,0.3542,0.565,0.528,0.53,0.588,0.511,0.534,0.521,0.507,0.554,0.488,0.542,0.526,0.52,0.555,0.568,0.52,0.58,0.558,0.498,0.554,0.529,0.514,0.494,0.475,0.528,0.561,0.541,0.54,0.566,0.519,0.498,0.529,0.572,0.498,0.505,0.553,0.537,0.497,0.582,0.515,0.522,0.5,0.485,0.531,0.526,0.472,0.549,0.547,0.518,0.572
"87",86,0.3583,0.577,0.539,0.541,0.598,0.52,0.543,0.529,0.517,0.563,0.497,0.55,0.537,0.529,0.566,0.579,0.531,0.591,0.569,0.507,0.565,0.538,0.524,0.503,0.484,0.539,0.571,0.551,0.55,0.576,0.525,0.506,0.539,0.581,0.508,0.514,0.564,0.548,0.506,0.593,0.525,0.532,0.508,0.494,0.542,0.536,0.48,0.559,0.556,0.529,0.582
"88",87,0.3625,0.588,0.547,0.551,NA,0.528,0.552,0.54,0.526,0.573,0.506,0.559,0.548,0.539,0.576,0.589,0.541,0.604,0.579,0.514,0.575,0.546,0.533,0.51,0.492,0.547,0.582,0.56,0.558,0.585,0.535,0.515,0.551,0.593,0.519,0.523,0.576,0.56,0.514,0.604,0.535,0.541,0.519,0.503,0.553,0.546,0.489,0.569,0.568,0.538,0.592
"89",88,0.3667,0.599,0.558,0.56,NA,0.538,0.563,0.549,0.535,0.585,0.516,0.571,0.557,0.547,0.588,0.599,0.552,0.612,0.589,0.523,0.587,0.556,0.542,0.519,0.502,0.557,0.593,0.57,0.568,0.594,0.544,0.525,0.56,0.604,0.528,0.533,0.587,0.57,0.524,0.616,0.546,0.553,0.527,0.513,0.564,0.557,0.498,0.578,0.578,0.547,0.603
"90",89,0.3708,NA,0.567,0.571,NA,0.548,0.576,0.558,0.545,0.595,0.523,0.58,0.566,0.558,0.598,0.611,0.562,0.625,0.599,0.533,0.598,0.565,0.552,0.529,0.511,0.566,0.603,0.58,0.578,0.603,0.553,0.532,0.571,0.614,0.538,0.543,0.598,0.583,0.532,0.627,0.555,0.562,0.538,0.522,0.574,0.567,0.507,0.589,0.588,0.557,0.613
"91",90,0.375,NA,0.576,0.581,NA,0.558,0.589,0.568,0.554,0.604,0.533,0.589,0.576,0.569,0.61,0.621,0.571,0.636,0.611,0.542,0.61,0.576,0.561,0.536,0.521,0.576,0.613,0.589,0.588,0.613,0.562,0.54,0.582,0.627,0.547,0.552,0.608,0.595,0.541,0.639,0.564,0.572,0.547,0.532,0.584,0.576,0.515,0.599,0.599,0.568,0.623
"92",91,0.3792,NA,0.586,0.593,NA,0.569,0.6,0.577,0.563,0.614,0.542,0.598,0.586,0.578,0.62,0.631,0.581,0.647,0.622,0.552,0.62,0.585,0.571,0.547,0.531,0.585,0.625,0.6,0.599,0.621,0.571,0.55,0.592,0.637,0.557,0.562,0.619,0.605,0.551,0.652,0.574,0.582,0.556,0.541,0.596,0.588,0.523,0.609,0.609,0.576,0.633
"93",92,0.3833,NA,0.596,NA,NA,0.58,NA,0.585,0.571,0.625,0.552,0.608,0.597,0.588,0.631,0.642,0.592,0.659,0.632,0.561,0.632,0.595,0.581,0.556,0.54,0.595,0.636,0.61,0.609,0.631,0.58,0.559,0.602,0.65,0.566,0.573,0.632,0.616,0.561,0.662,0.585,0.591,0.566,0.551,0.606,0.598,0.533,0.619,0.62,0.585,0.642
"94",93,0.3875,NA,NA,NA,NA,0.591,NA,0.595,0.582,0.635,0.56,0.617,0.607,0.598,0.642,0.653,0.602,0.669,0.644,0.569,0.643,0.605,0.59,0.564,0.548,0.604,0.647,0.62,0.618,0.64,0.588,0.566,0.612,0.662,0.577,0.582,0.643,0.626,0.57,0.675,0.593,0.603,0.577,0.559,0.617,0.608,0.543,0.63,0.63,0.596,0.653
"95",94,0.3917,NA,NA,NA,NA,NA,NA,0.604,0.591,0.647,0.571,0.627,0.617,0.609,0.654,0.664,0.613,0.68,0.654,0.579,0.654,0.615,0.599,0.574,0.557,0.613,0.657,0.63,0.629,0.649,0.598,0.576,0.626,0.673,0.588,0.591,0.654,0.637,0.58,0.688,0.604,0.612,0.587,0.569,0.628,0.619,0.551,0.639,0.642,0.605,0.663
"96",95,0.3958,NA,NA,NA,NA,NA,NA,0.614,0.601,0.658,0.579,0.637,0.627,0.617,0.664,0.676,0.623,0.694,0.664,0.588,0.667,0.624,0.61,0.583,0.567,0.624,0.669,0.641,0.639,0.658,0.607,0.585,0.635,0.686,0.598,0.6,0.665,0.647,0.588,0.699,0.614,0.622,0.597,0.579,0.638,0.629,0.56,0.649,0.653,0.614,0.674
"97",96,0.4,NA,NA,NA,NA,NA,NA,0.624,0.611,0.67,0.589,0.647,0.637,0.626,0.676,0.686,0.633,0.703,0.675,0.597,0.678,0.635,0.62,0.591,0.576,0.633,0.681,0.65,0.649,0.668,0.616,0.594,0.646,0.698,0.608,0.61,0.676,0.658,0.598,0.712,0.625,0.632,0.607,0.587,0.65,0.639,0.569,0.661,0.664,0.624,0.685
"98",97,0.4042,NA,NA,NA,NA,NA,NA,0.631,0.62,0.681,0.599,0.656,0.648,0.635,0.687,0.696,0.644,0.715,0.685,0.607,0.69,0.645,0.628,0.6,0.585,0.643,0.692,0.661,0.659,0.677,0.625,0.603,0.657,0.708,0.618,0.618,0.688,0.672,0.608,0.724,0.635,0.642,0.617,0.598,0.661,0.651,0.578,0.671,0.675,0.633,0.695
"99",98,0.4083,NA,NA,NA,NA,NA,NA,0.641,0.629,0.69,0.607,0.667,0.658,0.646,0.698,0.707,0.653,0.727,0.696,0.615,0.702,0.654,0.64,0.611,0.595,0.652,0.703,0.671,0.669,0.685,0.634,0.612,0.67,0.718,0.629,0.629,0.699,0.682,0.617,0.736,0.647,0.653,0.627,0.608,0.671,0.661,0.586,0.681,0.685,0.642,0.705
"100",99,0.4125,NA,NA,NA,NA,NA,NA,0.65,0.64,0.701,0.617,0.677,0.669,0.656,0.709,0.719,0.664,0.738,0.706,0.624,0.713,0.666,0.649,0.621,0.605,0.662,0.713,0.681,0.68,0.696,0.643,0.62,0.681,0.73,0.639,0.638,0.71,0.694,0.627,0.747,0.657,0.663,0.637,0.618,0.682,0.673,0.595,0.691,0.696,0.652,0.717
"101",100,0.4167,NA,NA,NA,NA,NA,NA,0.659,0.649,0.713,0.627,0.687,0.679,0.665,0.722,0.729,0.674,0.751,0.717,0.634,0.726,0.676,0.659,0.628,0.614,0.671,0.725,0.691,0.689,0.704,0.652,0.63,0.691,0.744,0.648,0.648,0.722,0.706,0.635,0.76,0.667,0.672,0.647,0.628,0.694,0.683,0.606,0.702,0.707,0.662,0.726
"102",101,0.4208,NA,NA,NA,NA,NA,NA,0.669,0.658,0.721,0.635,0.696,0.689,0.675,0.733,0.741,0.685,0.761,0.726,0.644,0.739,0.685,0.668,0.638,0.622,0.682,0.736,0.702,0.7,0.714,0.661,0.639,0.702,0.756,0.658,0.657,0.733,0.718,0.645,0.772,0.679,0.682,0.658,0.637,0.705,0.693,0.615,0.713,0.718,0.672,0.738
"103",102,0.425,NA,NA,NA,NA,NA,NA,0.677,0.667,0.732,0.646,0.706,0.701,0.685,0.744,0.751,0.694,0.772,0.738,0.653,0.749,0.697,0.679,0.647,0.633,0.691,0.747,0.711,0.709,0.723,0.671,0.647,0.711,0.767,0.669,0.668,0.745,0.729,0.655,0.784,0.689,0.693,0.668,0.648,0.716,0.706,0.623,0.723,0.729,0.682,0.749
"104",103,0.4292,NA,NA,NA,NA,NA,NA,0.689,0.675,0.745,0.653,0.716,0.709,0.694,0.755,0.762,0.705,0.784,0.749,0.663,0.762,0.706,0.689,0.656,0.642,0.702,0.758,0.722,0.721,0.733,0.679,0.657,0.722,0.778,0.678,0.678,0.757,0.74,0.664,0.796,0.7,0.703,0.679,0.659,0.727,0.715,0.633,0.734,0.741,0.691,0.758
"105",104,0.4333,NA,NA,NA,NA,NA,NA,0.699,0.686,0.756,0.663,0.726,0.721,0.705,0.766,0.772,0.715,0.797,0.759,0.671,0.773,0.717,0.7,0.666,0.653,0.712,0.769,0.732,0.73,0.742,0.688,0.668,0.736,0.79,0.689,0.687,0.768,0.752,0.674,0.808,0.709,0.713,0.691,0.667,0.739,0.727,0.643,0.744,0.753,0.702,0.771
"106",105,0.4375,NA,NA,NA,NA,NA,NA,0.707,0.695,0.77,0.673,0.737,0.732,0.715,0.778,0.784,0.726,0.81,0.77,0.681,0.786,0.727,0.708,0.676,0.662,0.721,0.78,0.742,0.741,0.752,0.698,0.675,0.746,0.802,0.7,0.697,0.779,0.764,0.683,0.82,0.72,0.724,0.701,0.677,0.75,0.736,0.651,0.755,0.763,0.712,0.781
"107",106,0.4417,NA,NA,NA,NA,NA,NA,0.718,0.705,0.784,0.683,0.748,0.742,0.723,0.789,0.795,0.736,0.822,0.781,0.689,0.798,0.736,0.718,0.685,0.671,0.732,0.792,0.752,0.75,0.761,0.707,0.683,0.759,NA,0.712,0.707,0.791,0.775,0.693,0.832,0.732,0.735,0.712,0.687,0.761,0.749,0.661,0.764,0.775,0.721,0.792
"108",107,0.4458,NA,NA,NA,NA,NA,NA,0.728,0.714,0.798,0.692,0.758,0.753,0.732,0.801,0.806,0.747,0.831,0.79,0.699,0.81,0.747,0.73,0.694,0.68,0.741,0.803,0.763,0.761,0.771,0.715,0.693,0.77,NA,0.725,0.717,0.802,0.787,0.703,0.844,0.743,0.745,0.723,0.698,0.773,0.759,0.669,0.775,0.786,0.73,0.803
"109",108,0.45,NA,NA,NA,NA,NA,NA,0.737,0.724,NA,0.701,0.768,0.764,0.742,0.812,0.819,0.758,0.842,0.802,0.709,0.82,0.759,0.74,0.705,0.69,0.751,0.814,0.773,0.771,0.781,0.725,0.702,0.781,NA,0.736,0.728,0.814,0.799,0.712,0.856,0.753,0.755,0.734,0.709,0.785,0.771,0.679,0.786,0.798,0.742,0.814
"110",109,0.4542,NA,NA,NA,NA,NA,NA,0.747,0.734,NA,0.711,0.781,0.775,0.753,0.822,0.83,0.767,0.854,0.812,0.718,0.834,0.768,0.75,0.713,0.7,0.761,0.825,0.783,0.781,0.791,0.733,0.71,0.793,NA,0.748,0.737,0.826,0.81,0.723,0.868,0.763,0.765,0.745,0.718,0.797,0.782,0.688,0.797,0.81,0.751,0.826
"111",110,0.4583,NA,NA,NA,NA,NA,NA,0.756,0.744,NA,0.72,0.791,0.787,0.764,0.835,0.84,0.776,0.867,0.821,0.727,0.846,0.78,0.762,0.723,0.71,0.773,0.838,0.793,0.792,0.801,0.742,0.717,NA,NA,0.763,0.749,0.839,0.82,0.732,0.879,0.774,0.778,0.756,0.728,0.809,0.793,0.699,0.809,0.821,0.762,0.838
"112",111,0.4625,NA,NA,NA,NA,NA,NA,0.767,0.753,NA,0.728,0.8,0.799,0.773,0.846,0.851,0.787,0.878,0.832,0.738,0.858,0.79,0.772,0.734,0.72,0.782,0.849,0.805,0.803,0.81,0.753,0.727,NA,NA,0.775,0.76,0.851,0.832,0.741,0.892,0.784,0.788,0.768,0.739,0.82,0.803,0.708,0.819,0.832,0.771,0.848
"113",112,0.4667,NA,NA,NA,NA,NA,NA,0.778,0.763,NA,0.738,NA,NA,0.783,0.858,0.861,0.799,0.889,0.842,0.745,0.87,0.799,0.782,0.744,0.73,0.793,0.86,0.815,0.813,0.82,0.762,0.739,NA,NA,0.786,0.772,0.862,0.843,0.751,0.906,0.795,0.798,0.779,0.749,0.832,0.816,0.717,0.829,0.844,0.781,0.861
"114",113,0.4708,NA,NA,NA,NA,NA,NA,0.789,0.776,NA,0.751,NA,NA,0.793,0.87,0.873,0.808,0.903,0.854,0.756,0.883,0.81,0.793,0.752,0.74,0.803,0.872,0.825,0.824,0.829,0.771,0.747,NA,NA,0.798,0.782,0.874,0.853,0.76,0.919,0.806,0.81,0.791,0.76,0.844,0.828,0.727,0.842,0.856,0.792,0.871
"115",114,0.475,NA,NA,NA,NA,NA,NA,0.8,0.788,NA,0.76,NA,NA,0.802,0.88,0.885,0.819,0.916,0.863,0.766,0.894,0.821,0.804,0.762,0.751,0.814,0.884,0.835,0.833,0.84,0.78,0.756,NA,NA,NA,0.793,0.886,0.866,0.77,0.929,0.817,0.819,0.801,0.771,0.856,0.838,0.736,0.853,0.869,0.803,0.882
"116",115,0.4792,NA,NA,NA,NA,NA,NA,NA,0.8,NA,0.768,NA,NA,0.812,0.894,0.895,0.83,0.928,0.873,0.775,0.907,0.832,0.815,0.772,0.76,0.824,0.895,0.846,0.845,0.85,0.79,0.766,NA,NA,NA,0.805,0.897,0.878,0.779,0.941,0.828,0.83,0.812,0.781,0.868,0.849,0.745,0.863,0.881,0.813,0.894
"117",116,0.4833,NA,NA,NA,NA,NA,NA,NA,NA,NA,0.779,NA,NA,0.822,0.907,0.906,0.841,0.937,0.886,0.785,0.92,0.842,0.826,0.782,0.77,0.836,0.907,0.857,0.855,0.86,0.799,0.775,NA,NA,NA,NA,0.91,0.888,0.789,0.954,0.838,0.84,0.824,0.791,0.879,0.861,0.755,0.874,0.892,0.823,0.906
"118",117,0.4875,NA,NA,NA,NA,NA,NA,NA,NA,NA,0.792,NA,NA,0.833,0.917,0.918,0.851,0.95,0.895,0.794,0.932,0.852,0.836,0.792,0.78,0.846,0.92,0.868,0.866,0.869,0.809,0.785,NA,NA,NA,NA,0.923,0.899,0.799,0.963,0.848,0.851,0.835,0.802,0.89,0.873,0.766,0.886,0.904,0.834,0.918
"119",118,0.4917,NA,NA,NA,NA,NA,NA,NA,NA,NA,NA,NA,NA,0.842,0.928,0.929,0.862,0.963,0.907,0.805,0.945,0.863,0.845,0.802,0.789,0.857,0.931,0.878,0.876,0.879,0.819,0.794,NA,NA,NA,NA,0.933,0.911,0.808,0.976,0.86,0.862,0.845,0.811,0.903,0.885,0.775,0.899,0.915,0.845,0.929
"120",119,0.4958,NA,NA,NA,NA,NA,NA,NA,NA,NA,NA,NA,NA,0.851,0.94,0.939,0.872,0.975,0.918,0.813,0.956,0.875,0.856,0.811,0.8,0.867,0.944,0.889,0.887,0.889,0.827,NA,NA,NA,NA,NA,0.946,0.923,0.818,0.99,0.87,0.873,0.855,0.823,0.914,0.895,0.784,0.909,0.926,0.853,0.942
"121",120,0.5,NA,NA,NA,NA,NA,NA,NA,NA,NA,NA,NA,NA,0.86,0.952,0.952,0.881,0.987,0.928,0.823,0.969,0.885,0.867,0.822,0.81,0.877,0.955,0.9,0.898,0.898,0.837,NA,NA,NA,NA,NA,0.958,0.931,0.827,1.003,0.881,0.882,0.868,0.833,0.926,0.907,0.793,0.92,0.939,0.865,0.953
"122",121,0.5042,NA,NA,NA,NA,NA,NA,NA,NA,NA,NA,NA,NA,0.871,0.964,0.963,0.892,0.999,0.94,0.833,0.982,0.894,0.879,0.831,0.82,0.888,0.967,0.911,0.909,0.909,0.846,NA,NA,NA,NA,NA,0.972,0.944,0.836,NA,0.891,0.893,0.879,0.844,0.937,0.918,0.804,0.932,0.952,0.875,0.965
"123",122,0.5083,NA,NA,NA,NA,NA,NA,NA,NA,NA,NA,NA,NA,0.881,0.977,0.974,0.903,NA,0.953,0.844,0.996,0.906,0.89,0.842,0.83,0.898,0.979,0.922,0.92,0.919,0.855,NA,NA,NA,NA,NA,0.986,0.957,0.846,NA,0.902,0.904,0.89,0.855,0.95,0.93,0.813,0.943,0.964,0.884,0.978
"124",123,0.5125,NA,NA,NA,NA,NA,NA,NA,NA,NA,NA,NA,NA,0.892,0.988,0.983,0.913,NA,0.963,0.853,1.008,0.917,0.9,0.85,0.841,0.908,0.991,0.933,0.931,0.929,0.865,NA,NA,NA,NA,NA,0.999,0.968,0.854,NA,0.914,0.915,0.903,0.865,0.961,0.941,0.824,0.954,0.976,0.895,0.989
"125",124,0.5167,NA,NA,NA,NA,NA,NA,NA,NA,NA,NA,NA,NA,0.901,1,0.993,0.924,NA,0.974,0.863,1.019,0.927,0.911,0.859,0.849,0.92,1.003,0.944,0.941,0.939,0.875,NA,NA,NA,NA,NA,NA,0.979,0.865,NA,0.926,0.925,0.914,0.875,0.973,0.952,0.832,0.966,0.989,0.905,1.002
"126",125,0.5208,NA,NA,NA,NA,NA,NA,NA,NA,NA,NA,NA,NA,0.91,NA,NA,0.935,NA,0.984,0.873,1.032,0.938,0.921,0.869,0.859,0.93,1.016,0.953,0.951,0.95,0.885,NA,NA,NA,NA,NA,NA,0.991,0.874,NA,0.935,0.935,0.924,0.886,0.984,0.964,0.842,0.977,1,0.917,1.013
"127",126,0.525,NA,NA,NA,NA,NA,NA,NA,NA,NA,NA,NA,NA,0.921,NA,NA,0.946,NA,0.994,0.882,1.044,0.948,0.932,0.879,0.869,0.94,1.027,0.965,0.962,0.959,0.894,NA,NA,NA,NA,NA,NA,1.003,0.884,NA,0.944,0.946,0.936,0.897,0.997,0.976,0.851,0.989,1.011,0.926,1.024
"128",127,0.5292,NA,NA,NA,NA,NA,NA,NA,NA,NA,NA,NA,NA,0.93,NA,NA,0.956,NA,NA,0.893,1.055,0.958,0.942,0.889,0.879,0.95,1.039,0.974,0.972,0.969,0.904,NA,NA,NA,NA,NA,NA,NA,0.895,NA,0.956,0.956,0.946,0.907,1.009,0.987,0.861,1,1.025,0.936,1.036
"129",128,0.5333,NA,NA,NA,NA,NA,NA,NA,NA,NA,NA,NA,NA,0.941,NA,NA,0.969,NA,NA,0.903,1.067,0.969,0.954,0.899,0.888,0.962,1.051,0.986,0.985,0.981,0.912,NA,NA,NA,NA,NA,NA,NA,0.904,NA,0.968,0.967,0.958,0.918,1.019,0.999,0.871,1.014,1.036,0.946,1.048
"130",129,0.5375,NA,NA,NA,NA,NA,NA,NA,NA,NA,NA,NA,NA,0.951,NA,NA,0.981,NA,NA,0.912,1.081,0.98,0.965,0.91,0.899,0.972,1.064,0.997,0.995,0.991,0.924,NA,NA,NA,NA,NA,NA,NA,0.917,NA,0.98,0.977,0.969,0.928,1.031,1.01,0.881,1.024,1.048,0.957,1.061
"131",130,0.5417,NA,NA,NA,NA,NA,NA,NA,NA,NA,NA,NA,NA,0.962,NA,NA,0.995,NA,NA,0.921,1.092,0.991,0.976,0.919,0.909,0.983,1.076,1.008,1.006,1,0.933,NA,NA,NA,NA,NA,NA,NA,0.925,NA,0.991,0.988,0.981,0.939,1.044,1.021,0.89,1.036,1.06,0.968,1.072
"132",131,0.5458,NA,NA,NA,NA,NA,NA,NA,NA,NA,NA,NA,NA,0.975,NA,NA,NA,NA,NA,0.932,1.105,1,0.986,0.929,0.92,0.994,1.089,1.019,1.017,1.011,0.942,NA,NA,NA,NA,NA,NA,NA,0.932,NA,1.003,0.999,0.993,0.95,1.056,1.033,0.9,1.048,1.072,0.979,1.084
"133",132,0.55,NA,NA,NA,NA,NA,NA,NA,NA,NA,NA,NA,NA,0.988,NA,NA,NA,NA,NA,0.943,1.117,1.012,0.997,0.938,0.929,1.005,1.1,1.03,1.028,1.021,0.953,NA,NA,NA,NA,NA,NA,NA,0.941,NA,NA,1.009,1.005,0.96,1.067,1.044,0.909,1.059,1.085,0.99,1.096
"134",133,0.5542,NA,NA,NA,NA,NA,NA,NA,NA,NA,NA,NA,NA,0.999,NA,NA,NA,NA,NA,0.953,1.13,1.022,1.008,0.948,0.94,1.014,1.112,1.041,1.037,1.032,0.962,NA,NA,NA,NA,NA,NA,NA,0.952,NA,NA,1.02,1.017,0.97,1.08,1.056,0.919,1.072,1.097,1.001,1.108
"135",134,0.5583,NA,NA,NA,NA,NA,NA,NA,NA,NA,NA,NA,NA,NA,NA,NA,NA,NA,NA,0.962,1.143,1.032,1.018,0.958,0.951,1.024,1.125,1.051,1.048,1.042,0.973,NA,NA,NA,NA,NA,NA,NA,0.962,NA,NA,1.03,1.028,0.981,1.093,1.067,0.929,1.084,1.11,1.011,1.119
"136",135,0.5625,NA,NA,NA,NA,NA,NA,NA,NA,NA,NA,NA,NA,NA,NA,NA,NA,NA,NA,0.971,1.152,1.043,1.029,0.969,0.96,1.035,1.137,1.063,1.06,1.052,0.982,NA,NA,NA,NA,NA,NA,NA,0.972,NA,NA,1.04,1.039,0.993,1.102,1.078,0.936,1.095,1.122,1.023,1.132
"137",136,0.5667,NA,NA,NA,NA,NA,NA,NA,NA,NA,NA,NA,NA,NA,NA,NA,NA,NA,NA,0.981,1.168,1.053,1.041,0.978,0.971,1.047,1.151,1.072,1.07,1.064,0.992,NA,NA,NA,NA,NA,NA,NA,0.983,NA,NA,1.053,1.049,1.002,1.117,1.089,0.945,1.107,1.133,1.033,1.145
"138",137,0.5708,NA,NA,NA,NA,NA,NA,NA,NA,NA,NA,NA,NA,NA,NA,NA,NA,NA,NA,0.991,1.182,1.064,1.051,0.987,0.98,1.057,1.162,1.084,1.082,1.075,1.003,NA,NA,NA,NA,NA,NA,NA,0.996,NA,NA,1.062,1.06,1.013,1.127,1.1,0.956,1.118,1.145,1.044,1.157
"139",138,0.575,NA,NA,NA,NA,NA,NA,NA,NA,NA,NA,NA,NA,NA,NA,NA,NA,NA,NA,1.002,1.193,1.075,1.062,0.997,0.991,1.07,1.176,1.094,1.092,1.083,1.012,NA,NA,NA,NA,NA,NA,NA,NA,NA,NA,1.074,1.072,1.024,1.139,1.111,0.966,1.131,1.157,1.055,1.169
"140",139,0.5792,NA,NA,NA,NA,NA,NA,NA,NA,NA,NA,NA,NA,NA,NA,NA,NA,NA,NA,1.011,NA,1.086,1.073,1.008,1,1.078,1.189,1.104,1.102,1.094,1.022,NA,NA,NA,NA,NA,NA,NA,NA,NA,NA,1.085,1.084,1.035,1.154,1.123,0.975,1.143,1.17,1.066,1.18
"141",140,0.5833,NA,NA,NA,NA,NA,NA,NA,NA,NA,NA,NA,NA,NA,NA,NA,NA,NA,NA,1.021,NA,1.096,1.083,1.018,1.01,1.091,1.202,1.114,1.112,1.104,1.032,NA,NA,NA,NA,NA,NA,NA,NA,NA,NA,1.096,1.095,1.044,1.167,1.135,0.984,1.154,1.182,1.077,1.191
"142",141,0.5875,NA,NA,NA,NA,NA,NA,NA,NA,NA,NA,NA,NA,NA,NA,NA,NA,NA,NA,1.032,NA,1.105,1.094,1.026,1.021,1.1,1.213,1.126,1.124,1.116,1.042,NA,NA,NA,NA,NA,NA,NA,NA,NA,NA,1.108,1.106,1.054,1.181,1.146,0.995,1.166,1.193,1.088,1.204
"143",142,0.5917,NA,NA,NA,NA,NA,NA,NA,NA,NA,NA,NA,NA,NA,NA,NA,NA,NA,NA,1.042,NA,1.118,1.103,1.036,1.031,1.11,1.226,1.137,1.135,1.126,1.051,NA,NA,NA,NA,NA,NA,NA,NA,NA,NA,1.116,1.119,1.067,1.194,1.158,1.003,1.177,1.206,1.099,1.214
"144",143,0.5958,NA,NA,NA,NA,NA,NA,NA,NA,NA,NA,NA,NA,NA,NA,NA,NA,NA,NA,1.053,NA,1.127,1.116,1.046,1.041,1.122,1.24,1.146,1.145,1.136,1.061,NA,NA,NA,NA,NA,NA,NA,NA,NA,NA,1.125,1.129,1.077,1.206,1.171,1.013,1.189,1.218,1.11,1.226
"145",144,0.6,NA,NA,NA,NA,NA,NA,NA,NA,NA,NA,NA,NA,NA,NA,NA,NA,NA,NA,1.063,NA,1.137,1.124,1.059,1.05,1.132,1.252,1.157,1.156,1.146,1.071,NA,NA,NA,NA,NA,NA,NA,NA,NA,NA,1.138,1.141,1.088,NA,1.183,1.022,1.201,1.23,1.12,1.238
"146",145,0.6042,NA,NA,NA,NA,NA,NA,NA,NA,NA,NA,NA,NA,NA,NA,NA,NA,NA,NA,1.073,NA,1.148,1.135,1.068,1.061,1.145,1.267,1.167,1.165,1.156,1.081,NA,NA,NA,NA,NA,NA,NA,NA,NA,NA,1.148,1.153,1.098,NA,1.195,1.031,1.213,1.242,1.133,1.249
"147",146,0.6083,NA,NA,NA,NA,NA,NA,NA,NA,NA,NA,NA,NA,NA,NA,NA,NA,NA,NA,1.083,NA,1.159,1.147,1.076,1.073,1.154,1.278,1.177,1.175,1.167,1.09,NA,NA,NA,NA,NA,NA,NA,NA,NA,NA,1.158,1.164,1.108,NA,NA,1.04,1.225,1.254,1.143,1.261
"148",147,0.6125,NA,NA,NA,NA,NA,NA,NA,NA,NA,NA,NA,NA,NA,NA,NA,NA,NA,NA,1.095,NA,1.171,1.158,1.088,1.081,1.164,1.291,1.188,1.185,1.178,1.101,NA,NA,NA,NA,NA,NA,NA,NA,NA,NA,1.17,1.175,1.119,NA,NA,1.05,1.237,1.266,1.154,1.272
"149",148,0.6167,NA,NA,NA,NA,NA,NA,NA,NA,NA,NA,NA,NA,NA,NA,NA,NA,NA,NA,1.105,NA,1.184,1.172,1.098,1.092,1.176,1.303,1.198,1.196,1.187,1.11,NA,NA,NA,NA,NA,NA,NA,NA,NA,NA,1.181,1.188,1.13,NA,NA,1.06,1.248,1.278,1.165,1.283
"150",149,0.6208,NA,NA,NA,NA,NA,NA,NA,NA,NA,NA,NA,NA,NA,NA,NA,NA,NA,NA,1.115,NA,1.197,1.183,1.107,1.102,1.185,1.317,1.208,1.205,1.197,1.12,NA,NA,NA,NA,NA,NA,NA,NA,NA,NA,1.192,1.2,1.14,NA,NA,1.069,1.26,1.289,1.175,1.295
"151",150,0.625,NA,NA,NA,NA,NA,NA,NA,NA,NA,NA,NA,NA,NA,NA,NA,NA,NA,NA,1.126,NA,NA,1.196,1.119,1.111,1.196,1.33,1.219,1.217,1.208,1.131,NA,NA,NA,NA,NA,NA,NA,NA,NA,NA,1.203,NA,1.153,NA,NA,1.078,1.273,1.303,1.186,1.306
"152",151,0.6292,NA,NA,NA,NA,NA,NA,NA,NA,NA,NA,NA,NA,NA,NA,NA,NA,NA,NA,1.135,NA,NA,NA,1.129,1.121,1.208,1.341,1.231,1.228,1.217,1.141,NA,NA,NA,NA,NA,NA,NA,NA,NA,NA,NA,NA,1.165,NA,NA,1.086,1.283,1.314,1.197,1.318
"153",152,0.6333,NA,NA,NA,NA,NA,NA,NA,NA,NA,NA,NA,NA,NA,NA,NA,NA,NA,NA,1.146,NA,NA,NA,1.138,1.133,1.219,1.353,1.241,1.238,1.227,1.15,NA,NA,NA,NA,NA,NA,NA,NA,NA,NA,NA,NA,1.178,NA,NA,1.096,1.294,1.328,1.208,1.328
"154",153,0.6375,NA,NA,NA,NA,NA,NA,NA,NA,NA,NA,NA,NA,NA,NA,NA,NA,NA,NA,1.156,NA,NA,NA,1.147,1.141,1.23,1.366,1.252,1.249,1.239,1.161,NA,NA,NA,NA,NA,NA,NA,NA,NA,NA,NA,NA,1.189,NA,NA,1.105,1.306,1.339,1.218,1.341
"155",154,0.6417,NA,NA,NA,NA,NA,NA,NA,NA,NA,NA,NA,NA,NA,NA,NA,NA,NA,NA,1.167,NA,NA,NA,1.158,1.151,1.239,1.378,1.261,1.257,1.249,1.17,NA,NA,NA,NA,NA,NA,NA,NA,NA,NA,NA,NA,1.2,NA,NA,1.115,1.318,1.351,1.229,1.351
"156",155,0.6458,NA,NA,NA,NA,NA,NA,NA,NA,NA,NA,NA,NA,NA,NA,NA,NA,NA,NA,1.177,NA,NA,NA,1.17,1.163,1.251,1.393,1.27,1.268,1.258,1.18,NA,NA,NA,NA,NA,NA,NA,NA,NA,NA,NA,NA,NA,NA,NA,1.123,1.33,1.363,1.241,1.363
"157",156,0.65,NA,NA,NA,NA,NA,NA,NA,NA,NA,NA,NA,NA,NA,NA,NA,NA,NA,NA,1.192,NA,NA,NA,1.185,1.178,1.262,1.406,1.281,1.279,1.269,1.19,NA,NA,NA,NA,NA,NA,NA,NA,NA,NA,NA,NA,NA,NA,NA,1.131,1.343,1.375,1.251,1.374
"158",157,0.6542,NA,NA,NA,NA,NA,NA,NA,NA,NA,NA,NA,NA,NA,NA,NA,NA,NA,NA,NA,NA,NA,NA,1.197,1.186,1.272,NA,1.293,1.29,1.279,1.2,NA,NA,NA,NA,NA,NA,NA,NA,NA,NA,NA,NA,NA,NA,NA,1.141,1.355,1.387,1.261,1.386
"159",158,0.6583,NA,NA,NA,NA,NA,NA,NA,NA,NA,NA,NA,NA,NA,NA,NA,NA,NA,NA,NA,NA,NA,NA,NA,NA,1.284,NA,1.302,1.299,1.289,1.209,NA,NA,NA,NA,NA,NA,NA,NA,NA,NA,NA,NA,NA,NA,NA,1.151,1.366,1.399,1.272,1.398
"160",159,0.6625,NA,NA,NA,NA,NA,NA,NA,NA,NA,NA,NA,NA,NA,NA,NA,NA,NA,NA,NA,NA,NA,NA,NA,NA,1.294,NA,1.312,1.309,1.298,1.219,NA,NA,NA,NA,NA,NA,NA,NA,NA,NA,NA,NA,NA,NA,NA,1.16,1.378,NA,1.282,NA
"161",160,0.6667,NA,NA,NA,NA,NA,NA,NA,NA,NA,NA,NA,NA,NA,NA,NA,NA,NA,NA,NA,NA,NA,NA,NA,NA,1.305,NA,1.322,1.32,1.308,1.229,NA,NA,NA,NA,NA,NA,NA,NA,NA,NA,NA,NA,NA,NA,NA,1.169,1.39,NA,1.292,NA
"162",161,0.6708,NA,NA,NA,NA,NA,NA,NA,NA,NA,NA,NA,NA,NA,NA,NA,NA,NA,NA,NA,NA,NA,NA,NA,NA,1.316,NA,1.334,1.333,1.318,1.239,NA,NA,NA,NA,NA,NA,NA,NA,NA,NA,NA,NA,NA,NA,NA,1.179,1.405,NA,1.304,NA
"163",162,0.675,NA,NA,NA,NA,NA,NA,NA,NA,NA,NA,NA,NA,NA,NA,NA,NA,NA,NA,NA,NA,NA,NA,NA,NA,1.327,NA,1.344,1.342,1.328,1.248,NA,NA,NA,NA,NA,NA,NA,NA,NA,NA,NA,NA,NA,NA,NA,1.189,NA,NA,1.315,NA
"164",163,0.6792,NA,NA,NA,NA,NA,NA,NA,NA,NA,NA,NA,NA,NA,NA,NA,NA,NA,NA,NA,NA,NA,NA,NA,NA,1.338,NA,1.354,1.352,1.337,1.257,NA,NA,NA,NA,NA,NA,NA,NA,NA,NA,NA,NA,NA,NA,NA,1.199,NA,NA,1.325,NA
"165",164,0.6833,NA,NA,NA,NA,NA,NA,NA,NA,NA,NA,NA,NA,NA,NA,NA,NA,NA,NA,NA,NA,NA,NA,NA,NA,1.352,NA,1.364,1.361,1.347,1.268,NA,NA,NA,NA,NA,NA,NA,NA,NA,NA,NA,NA,NA,NA,NA,NA,NA,NA,1.335,NA
"166",165,0.6875,NA,NA,NA,NA,NA,NA,NA,NA,NA,NA,NA,NA,NA,NA,NA,NA,NA,NA,NA,NA,NA,NA,NA,NA,1.362,NA,1.374,1.372,1.356,1.278,NA,NA,NA,NA,NA,NA,NA,NA,NA,NA,NA,NA,NA,NA,NA,NA,NA,NA,1.346,NA
"167",166,0.6917,NA,NA,NA,NA,NA,NA,NA,NA,NA,NA,NA,NA,NA,NA,NA,NA,NA,NA,NA,NA,NA,NA,NA,NA,1.372,NA,1.385,1.381,1.368,1.288,NA,NA,NA,NA,NA,NA,NA,NA,NA,NA,NA,NA,NA,NA,NA,NA,NA,NA,1.357,NA
"168",167,0.6958,NA,NA,NA,NA,NA,NA,NA,NA,NA,NA,NA,NA,NA,NA,NA,NA,NA,NA,NA,NA,NA,NA,NA,NA,1.384,NA,1.397,1.392,1.376,1.298,NA,NA,NA,NA,NA,NA,NA,NA,NA,NA,NA,NA,NA,NA,NA,NA,NA,NA,1.368,NA
"169",168,0.7,NA,NA,NA,NA,NA,NA,NA,NA,NA,NA,NA,NA,NA,NA,NA,NA,NA,NA,NA,NA,NA,NA,NA,NA,1.396,NA,NA,1.401,1.386,1.309,NA,NA,NA,NA,NA,NA,NA,NA,NA,NA,NA,NA,NA,NA,NA,NA,NA,NA,1.377,NA
"170",169,0.7042,NA,NA,NA,NA,NA,NA,NA,NA,NA,NA,NA,NA,NA,NA,NA,NA,NA,NA,NA,NA,NA,NA,NA,NA,NA,NA,NA,NA,1.396,1.317,NA,NA,NA,NA,NA,NA,NA,NA,NA,NA,NA,NA,NA,NA,NA,NA,NA,NA,1.389,NA
"171",170,0.7083,NA,NA,NA,NA,NA,NA,NA,NA,NA,NA,NA,NA,NA,NA,NA,NA,NA,NA,NA,NA,NA,NA,NA,NA,NA,NA,NA,NA,NA,1.327,NA,NA,NA,NA,NA,NA,NA,NA,NA,NA,NA,NA,NA,NA,NA,NA,NA,NA,1.399,NA
"172",171,0.7125,NA,NA,NA,NA,NA,NA,NA,NA,NA,NA,NA,NA,NA,NA,NA,NA,NA,NA,NA,NA,NA,NA,NA,NA,NA,NA,NA,NA,NA,1.336,NA,NA,NA,NA,NA,NA,NA,NA,NA,NA,NA,NA,NA,NA,NA,NA,NA,NA,NA,NA
"173",172,0.7167,NA,NA,NA,NA,NA,NA,NA,NA,NA,NA,NA,NA,NA,NA,NA,NA,NA,NA,NA,NA,NA,NA,NA,NA,NA,NA,NA,NA,NA,1.345,NA,NA,NA,NA,NA,NA,NA,NA,NA,NA,NA,NA,NA,NA,NA,NA,NA,NA,NA,NA
"174",173,0.7208,NA,NA,NA,NA,NA,NA,NA,NA,NA,NA,NA,NA,NA,NA,NA,NA,NA,NA,NA,NA,NA,NA,NA,NA,NA,NA,NA,NA,NA,1.356,NA,NA,NA,NA,NA,NA,NA,NA,NA,NA,NA,NA,NA,NA,NA,NA,NA,NA,NA,NA
"175",174,0.725,NA,NA,NA,NA,NA,NA,NA,NA,NA,NA,NA,NA,NA,NA,NA,NA,NA,NA,NA,NA,NA,NA,NA,NA,NA,NA,NA,NA,NA,1.365,NA,NA,NA,NA,NA,NA,NA,NA,NA,NA,NA,NA,NA,NA,NA,NA,NA,NA,NA,NA
"176",175,0.7292,NA,NA,NA,NA,NA,NA,NA,NA,NA,NA,NA,NA,NA,NA,NA,NA,NA,NA,NA,NA,NA,NA,NA,NA,NA,NA,NA,NA,NA,1.374,NA,NA,NA,NA,NA,NA,NA,NA,NA,NA,NA,NA,NA,NA,NA,NA,NA,NA,NA,NA
"177",176,0.7333,NA,NA,NA,NA,NA,NA,NA,NA,NA,NA,NA,NA,NA,NA,NA,NA,NA,NA,NA,NA,NA,NA,NA,NA,NA,NA,NA,NA,NA,1.385,NA,NA,NA,NA,NA,NA,NA,NA,NA,NA,NA,NA,NA,NA,NA,NA,NA,NA,NA,NA
"178",177,0.7375,NA,NA,NA,NA,NA,NA,NA,NA,NA,NA,NA,NA,NA,NA,NA,NA,NA,NA,NA,NA,NA,NA,NA,NA,NA,NA,NA,NA,NA,1.395,NA,NA,NA,NA,NA,NA,NA,NA,NA,NA,NA,NA,NA,NA,NA,NA,NA,NA,NA,NA
"179",178,0.7417,NA,NA,NA,NA,NA,NA,NA,NA,NA,NA,NA,NA,NA,NA,NA,NA,NA,NA,NA,NA,NA,NA,NA,NA,NA,NA,NA,NA,NA,1.405,NA,NA,NA,NA,NA,NA,NA,NA,NA,NA,NA,NA,NA,NA,NA,NA,NA,NA,NA,NA
