"","V1","V2","V3","V4","V5","V6","V7","V8","V9","V10"
"boot.sens",0,0,0,0,0,0,0,0,0,0
"",0.101886375127841,-0.0225729459563118,1.32855174820431,0.0327782702944299,6.3136864555946e-06,321.378317618047,0.00568797862919579,-0.00139861686002107,0.0243825435450179,-0.0015254263869488
"",0.292754059627601,-0.429928408726105,2.19404456610474,0.0536748240163587,1.02414227237668e-05,474.405760796974,0.00943953590309965,-0.00201582528268351,0.0256930943468708,-0.00357754869154125
"",0.15691661542909,-0.015553190490139,1.87125238748181,0.0441071189501985,6.69893404636746e-06,467.243234196159,0.00676921428208188,-0.00167809812698372,0.0261849831092592,-0.00256513372801082
"",0.130067121056648,-0.039315238971438,1.68527376900471,0.0408383476337842,9.3695620706491e-06,388.042299885821,0.00895387786778445,-0.00219851819528716,0.0328562171062891,-0.00294156237691523
"",0.132589152521581,0.0974702676126427,2.05194739595817,0.0548614939881453,1.05898577823504e-05,454.604341289755,0.00805353933812369,-0.00264489056542305,0.0337498035036937,-0.00396702182157982
"",0.126587613982307,0.0164656579727668,1.41597201768839,0.0362820860759505,7.95972665557088e-06,360.430948549098,0.00598668508658418,-0.00123866372168935,0.0264037100384945,-0.00197000279095194
"",0.141191650549016,-0.030964604331038,1.62696733415343,0.0385152819856044,7.84815881726963e-06,387.242943533616,0.00506497121585681,-0.00140026405033578,0.0242480348459501,-0.00209535655214255
"",0.122246268473875,-0.0363565140661798,1.44356426728397,0.0380124811085319,6.94347201957157e-06,361.002078808812,0.00425192138672759,-0.00087399070558547,0.0267168475952262,-0.00182340312260276
"",0.143183413629552,-0.0231393848793213,2.0827315145254,0.0396761936424725,7.09000596427201e-06,491.380178236409,0.00864554184030336,-0.00234180482250324,0.0179121636523019,-0.00214096981285272
"",0.200815815879635,0.00324747687831251,2.19306499098587,0.0544704707323707,1.08404887982916e-05,457.306261791279,0.00688217763644694,-0.00138149040597446,0.025933069513831,-0.00355099548936255
"",0.182128741689658,-0.0571823754949435,2.21932732679123,0.0579256758645036,1.04041150833512e-05,523.069966982766,0.0096381210027835,-0.00274316263781937,0.0320281206642875,-0.00484573749305606
"",0.129443784732758,-0.0245696616344507,1.52953807317298,0.034893361570601,7.85297251532091e-06,364.80167632486,0.00644344254549511,-0.00182403164206146,0.0228232716519214,-0.00186959459169689
"",0.190659136683202,-0.0290067307205932,1.94750395978104,0.0586357964746514,1.18459413944727e-05,440.530203023152,0.0182652143448647,-0.00774384973126208,0.0311467739763233,-0.00390154316970426
"",0.0883047663566977,-0.0431717185181979,2.29712018859954,0.0444947420857045,6.4076636774324e-06,649.5441411747,0.0104051493464846,-0.00243917908532287,0.024348109685976,-0.00301811614018821
"",0.168887462354522,0.00561125199242257,1.48783509753334,0.0345964321083678,6.81427043958127e-06,335.270887573912,0.00541394914119891,-0.0024609792938779,0.0222135989339442,-0.00197796363324981
"",0.105110162478161,-0.0255497245009589,1.69604517602957,0.0424059110101793,9.43295079547379e-06,443.683785525552,0.0089428475987946,-0.0020393122407425,0.0275591317279444,-0.00270168601679277
"",0.149989045409193,-0.0540486191957235,2.36162636081308,0.0513183694506175,1.08035647927718e-05,574.893929994079,0.00717500271228688,0.000105581451942394,0.0256470681281179,-0.00354555929134304
"",0.174140215216625,-0.0354766760935349,1.418136717292,0.0431230170169633,9.49670873884312e-06,314.810102499527,0.00593336067308825,-0.00157396134933818,0.0403324252425674,-0.0028794253062181
"",0.143043678077298,-0.0291524206869065,1.55637264147064,0.0422536421540581,6.70871160013409e-06,393.193166695134,0.00786543536371309,-0.00145604891532702,0.031091692554025,-0.00233333583887774
"",0.259403738657946,-0.0722390794392208,2.86582939772595,0.0662621634625604,1.24112465721415e-05,651.662173557709,0.0119743850361675,-0.0033509916456953,0.0211569027397523,-0.00405043093858193
"",0.231003995623744,-0.0262153366083068,2.00457683677517,0.0524095734181496,8.9256877999766e-06,461.856324236423,0.00916201018572038,-0.00227637534901126,0.0303726780442881,-0.00360151714193235
"",0.124761052910038,-0.032546713797009,1.32178279043713,0.0326994101562325,6.41843225096528e-06,285.12599043546,0.0063917755672438,-0.00198749442618246,0.022039833684373,-0.00137673481300643
"",0.167028735975697,-0.0435218971231166,1.80888853359293,0.045809481198672,8.69850250162507e-06,393.936432546756,0.00622407596236052,-0.00213395864402666,0.03002890236245,-0.00312387161857663
"",0.207784471987035,-0.00895795907794594,1.7219045474104,0.0450353600722625,7.82392248210861e-06,396.660497969105,0.00711180658566346,-0.00285731522296773,0.0327246308790691,-0.00335213535816725
"",0.152657291539238,-0.0405556295379125,1.90026953518137,0.0397610422003467,9.15471556894865e-06,451.193730293762,0.00853289972042176,-0.00229679735092719,0.0239896941149551,-0.00245408149649601
"",0.162357340069655,-0.0221521792362067,1.41469108999012,0.0382790868388438,6.57899718037314e-06,326.161954251283,0.00528355097655087,-0.00125006144266471,0.0270318993013108,-0.00190044860233496
"",0.105302723842605,-0.021488082164782,1.54943905663383,0.034801056661253,6.56145984767598e-06,362.387804493016,0.00324346482197951,-0.00172531646153162,0.0227483613445129,-0.00177990553067858
"",0.103193265267934,-0.00618720489156677,1.41568066880049,0.037971280584248,7.16896829400238e-06,382.489317349579,0.00607756354535638,-0.00150256493060275,0.0300947981751315,-0.00240324231001732
"",0.157877312284754,-0.0459796682241997,1.99499711759127,0.0453473806008436,8.98189798925753e-06,479.366870137514,0.00744999832125171,-0.00213465983998906,0.0228200236913195,-0.00267840864159874
"",0.240246152305557,0.0194262628348818,2.5059842458116,0.0604262976560271,1.08880803401101e-05,601.778278355279,0.00551786171573698,-0.00145745797636154,0.024861612598237,-0.00406396787192009
"",0.0707855426967316,-0.016886145538679,1.51901967254001,0.0280039083975017,4.87387553926855e-06,421.656368526989,0.00493478971605454,-0.00142581443429018,0.0170046919199807,-0.00134616076703092
"",0.4861168624824,-0.107605446561715,3.57320236813896,0.108385549555196,2.16700650201851e-05,758.117962175806,0.0136730488619619,-0.00412776475092191,0.0522103063105295,-0.01190016814126
"",0.147355696415816,-0.0221369529381787,1.52372277757648,0.0376472270102873,7.22744185333024e-06,336.142558829067,0.00567096923952126,-0.00145763602690807,0.0335080400796495,-0.00179786430719309
"",0.13004885781677,-0.0476316117504899,1.75588607632486,0.0429451589382818,9.29145774208884e-06,396.641806075219,0.0071462650764742,-0.00241658067130779,0.0283806680778653,-0.00291086190017109
"",0.139516545568596,-0.0327043448849623,1.61336351557725,0.0389916777440158,7.811143107328e-06,365.459439340487,0.00832287490515338,-0.00206439611866172,0.0306345918830025,-0.00255072056241923
"",0.180169422332718,-0.043962790400226,1.91319700552836,0.0434852708415812,8.03352664946466e-06,433.693811903741,0.00522202610457601,-0.00124886338105645,0.0271395819722992,-0.00282042536449423
"",0.139732219191765,-0.0436133703111963,1.68034239058884,0.0403527765673178,7.17211202927448e-06,374.265782073699,0.007699846296505,-0.00185364440404012,0.026319754831361,-0.00224487412736618
"",0.151932816377626,-0.0419351853435113,1.97984794314462,0.0474329425391579,8.66255603360067e-06,418.040429541102,0.00947350891399024,-0.00282661445977217,0.0323893310756745,-0.00355420283973396
"",0.179934022384629,-0.0640250464243042,2.34040271994607,0.0524742216887197,1.01653479106512e-05,541.123170426258,0.0065641891424939,-0.0022049349139297,0.0301001194756428,-0.00415779907768365
"",0.155727265701691,-0.0244635382424391,1.58333127485698,0.0386990748718202,8.55314627457027e-06,345.664387511141,0.00558443677177445,-0.00192092021195078,0.026338180029159,-0.0025380055910379
"",0.141617209671915,-0.0361064967775993,1.76604470343213,0.0408411739543924,7.65433467997401e-06,421.080813827183,0.00744614772071883,-0.00191657916293053,0.0261249441019795,-0.00239403801152727
"",0.0544360369939753,-0.0258295548056231,1.6372321006297,0.0255214780208665,4.35919527558282e-06,395.160210229083,0.00396911733797911,-0.00128186252837392,0.0147831081611718,-0.00114260729069254
"",0.125944571697137,-0.025128974318181,1.46004548129578,0.0351924739034754,6.39170383287535e-06,328.046108337294,0.00499123350881231,-0.00142020301911044,0.0256763167345853,-0.00153171118078693
"",0.272023884868494,-0.0529911026320024,2.78605405585389,0.0674105543494036,1.43647398975766e-05,647.438679359547,0.013322964849502,-0.0053923221619151,0.040605559456966,-0.0064077925257533
"",0.135833429191393,-0.0326533245877531,1.61954027028015,0.0386434963743354,7.82766025608783e-06,347.940697783283,0.00515784903942773,-0.00208341344204444,0.0286294739206688,-0.00235080092265971
"",0.18308530439716,-0.0378274368029868,1.59895027054983,0.0395890355427836,7.71613924144265e-06,333.146826236047,0.00699724114616718,-0.00188209763686553,0.0270286140190146,-0.00236498438610511
"",0.101413027340264,0.0166326876426121,1.605536505151,0.040858454276968,6.95198187905532e-06,384.252918463698,0.00615940988567265,-0.000207342567323798,0.0300589819939995,-0.00269890186049837
"",0.198013467042055,0.0209071859113424,1.88225085819155,0.0460931263819436,9.26068524642609e-06,442.856029555697,0.00796802095467952,-0.000443076084918892,0.0279673045083251,-0.00297224623087289
"",0.27182225468278,-0.049485143200953,2.08581217504092,0.0521433003156241,9.27111086512777e-06,439.936580532853,0.012369993513256,-0.00240371260755434,0.0311301481858289,-0.00374314949765087
"",0.119760900056332,-0.000906730463115513,1.75801784376146,0.0435254164214277,7.05695911429327e-06,404.829423699136,0.00998958600610667,-0.00257489231224317,0.0290338278271934,-0.00271929494738421
"",0.146674741189096,-0.064758678339924,2.08887555723276,0.0498877181049906,7.86143933284578e-06,474.647175602808,0.0130965395361143,-0.00569677986814177,0.0281076988387918,-0.00188637036115102
"",0.301525063636537,-0.0439874318465955,2.57130054364488,0.0631328117951663,1.18999253784224e-05,620.622628970793,0.0105722082478221,-0.00264093200312565,0.0318563516060882,-0.00505472138932761
"",0.29736838303604,0.00749586968104565,1.84912102941898,0.0580870884703544,1.24888467900597e-05,406.020889441016,0.00912536535396802,-0.00213199750667692,0.0489698903132496,-0.00576721178086048
"",0.217062920151695,-0.0403136359574535,2.54055888101548,0.0600685006839491,1.22554713738454e-05,532.620353700721,0.00449126116694454,-0.00128895967212161,0.0346308096508124,-0.00465587179988847
"",0.197466789661718,-0.030669179540907,1.89496158567926,0.0449927740305417,8.35406065158306e-06,407.003992929484,0.00742701241353283,-0.00247069821310286,0.0303540157811782,-0.00321365817193553
"",0.144755574974689,-0.0352798206095239,1.40452232701753,0.0382772466807069,6.69513285089796e-06,346.665462614598,0.00682325172672582,-0.00162776085083083,0.0294247079696552,-0.00222385831526173
"",0.144945711160527,-0.0290269043031199,1.49728510853263,0.0405686834826086,7.84621401184182e-06,332.343795977732,0.00751972895686459,-0.00265800734233768,0.0286386681835199,-0.00247146632095796
"",0.155050081554295,0.00864504692807411,1.72490687984442,0.0411945986222989,8.44153515144885e-06,394.785913195708,0.00824408921830388,-0.00203465767127653,0.0270481807002065,-0.00279285193301171
"",0.188321147531464,0.00341964874599199,1.44500681180688,0.0357485887798048,7.03973557225623e-06,303.46497770417,0.00507475498359722,-0.00154947021605012,0.0251450565460914,-0.00190350712828136
"",0.112608030618994,0.00876617126482904,1.37642976484827,0.035606984785802,6.89522154651012e-06,286.927303023831,0.00617638000895149,-0.00191207505441382,0.0248832876215688,-0.00170618046563265
"",0.157920419868118,-0.0476707471752658,1.96806814632353,0.0454586870203416,8.10319103483614e-06,457.097351061316,0.0070388658514331,-0.00230486154371989,0.0241209074394594,-0.00274979107384166
"",0.0957930868675655,-0.0285544575658117,1.4557227421876,0.0307795056602098,5.320237965456e-06,325.202505664338,0.0039821794932185,-0.00101484373346561,0.0220533986562965,-0.00137403465419461
"",0.132466814940002,-0.0157738885246395,1.53109005622232,0.033539041866662,7.0620211206629e-06,360.054670696129,0.00636263093247574,-0.00177878770260542,0.0219316513445506,-0.00181004895015435
"",0.218084876843341,-0.00462713962272321,1.89096628368954,0.0461896967700187,7.71663122289823e-06,460.30192983952,0.00756379744995539,-0.0017231830580916,0.026631572951033,-0.00297245105058963
"",0.155643861329713,-0.0241053586203036,1.39289200030824,0.0339573254495573,6.87121499282073e-06,302.99722591914,0.00639762925214865,-0.00136998403418159,0.022906520365254,-0.00169698386646988
"",0.167716224010378,-0.00713137608542025,1.65328113122534,0.0384412294766878,7.4695954838111e-06,386.234672055517,0.00497837713742122,-0.00159380172247425,0.0247524114002362,-0.0023522295597711
"",0.18011347000807,0.0550891839545542,2.97140698383216,0.081087255915685,1.47974144326657e-05,822.736057665533,0.0103029194511717,-0.00235187032276984,0.0577433784328396,-0.0104616954639813
"",0.180855474844782,-0.02643484744487,1.688615497753,0.0420329432200828,7.62417813604532e-06,375.835574845663,0.00547439395048865,-0.000637551377496992,0.0327839939692348,-0.00303194625585201
"",0.195170782892717,-0.0263496961134813,1.99141801600079,0.0480002485956643,9.70279129264284e-06,459.281098588056,0.00765475783162661,-0.0021466089696609,0.0300272770630272,-0.00338119613639554
"",0.210820091008451,0.0752201209593406,2.51810185463773,0.0542675396262432,1.04627910502142e-05,607.797118997459,0.00931824825887995,-0.00304840213584401,0.0313249030981788,-0.00469614575777932
"",0.112207511745371,-0.0154343285234879,1.32147518654446,0.0299946545292626,6.31910838239103e-06,272.507616985745,0.00641161494593229,-0.00198113483129009,0.0211487300232419,-0.00116279901304223
"",0.257341522904186,-0.0748557511894565,2.61259855234044,0.0670823519583752,1.23322573541973e-05,566.707065241565,0.00648133693251229,-0.00234084328973316,0.0683981639675313,-0.00768229564271361
"",0.226164993692449,-0.0490794224114466,2.05141041951677,0.0526332426106918,1.05654916759956e-05,484.744303228309,0.00762259822041644,-0.00240208827910482,0.0327288138943643,-0.00406556845693185
"",0.126205755080419,-0.0287202010845339,1.84757778574568,0.0472818164611311,9.05663546935109e-06,395.294037322485,0.00691008916527125,-0.00159006919134286,0.0306873573336919,-0.00315632668845822
"",0.158142180438817,-0.0361519460921056,1.7989569582548,0.0424250232150258,9.49491330004548e-06,409.904306876379,0.00653984743829994,-0.00189972824374274,0.0249327427046808,-0.0023628027792516
"",0.227632162508706,-0.0317682399970792,1.91636823317735,0.043288979380704,8.00270294476491e-06,424.038678076882,0.00977173791281982,-0.00146890633599683,0.0262359601249512,-0.00287026899015164
"",0.274296781943628,-0.068490433845797,2.59675826755257,0.0659573136218006,1.10477822168331e-05,572.164730783089,0.00989476802523703,-0.00391985315334464,0.0500150905890784,-0.00651239759927313
"",0.13851390635683,-0.0267261833306887,2.3871668737506,0.0466922440497952,7.86796502949549e-06,608.93434879,0.00950357961199133,-0.00205404079822724,0.027056535332165,-0.00353056644378236
"",0.168249703459869,0.0341936456411673,2.16669428379967,0.0463989169972728,9.29760153589587e-06,459.83753194829,0.00689914650896239,-0.00263007792521142,0.0264828525042837,-0.0031887151840243
"",0.16353337856688,-0.0190417333755799,1.86351338570304,0.0472665437627334,8.10673818352203e-06,425.332916523359,0.00553911659098572,-0.00125436072107021,0.0256154706292783,-0.00286074496753941
"",0.160294660306898,-0.012104494055587,1.99971198772016,0.0449946621130931,9.19546377931013e-06,443.452036099149,0.00747574958026576,-0.00324657476757917,0.0285842562385424,-0.00349603624268113
"",0.154252178927075,-0.0403652879191058,1.6895354747202,0.0408679126982919,7.88833424969493e-06,369.300712214596,0.00674903727350407,-0.00179978510024548,0.028492417536316,-0.00268983366054354
"",0.161820838942506,-0.0303622759508376,1.74602063950847,0.0440792832090559,9.4679684509158e-06,430.427129985507,0.00452242372890599,-0.000592847510888506,0.031130074641561,-0.00308371802723584
"",0.126473847597848,-0.0105693166405491,1.53276382719032,0.034145772775121,7.21244246965069e-06,353.28417539765,0.00569890291751002,-0.00199818068097324,0.0234288539055563,-0.00188690651319046
"",0.200799845647789,-0.0421323003008123,1.62663135727811,0.044290869874633,8.20521470212832e-06,365.511387675956,0.0102076503611104,-0.00380025543773865,0.0249229337788287,-0.00204056105351791
"",0.164495816722537,-0.0398261844719305,1.40727262433341,0.0388771282163192,8.12730589772048e-06,317.161887759065,0.00420783309412753,-0.00112516867079027,0.0292824828709848,-0.00215968777823872
"",0.00058862220735377,-9.59554546710339e-05,1.67081974372796,0.000357650766073336,4.1084395434321e-08,458.942647603871,9.17448227041873e-05,-3.81417698517195e-05,0.000137389549074573,-1.04497658167074e-05
"",0.137269565329536,-0.0317201775062934,1.60399590482611,0.0360089653724111,6.71317416239825e-06,369.454157444052,0.00650670164714651,-0.00265148527649889,0.0213346378506174,-0.00171466564458794
"",0.141449274270622,-0.024217683915112,1.79739249473979,0.0406652157370901,7.88295988207732e-06,399.323608126233,0.00891134040655051,-0.00335172771823156,0.0229361853719551,-0.0024459326676135
"",0.101856206062637,-0.0303091220546781,1.93677312225464,0.0410634202872295,9.24096059395918e-06,472.639794301045,0.00908557306532332,-0.00200187719592848,0.0225053932258606,-0.00256381452196086
"",0.221702417262715,-0.0525749561630096,1.86532625482748,0.0581353726428618,1.33961191861598e-05,420.105180912037,0.0082657448622625,-0.0023335924982798,0.0376129226473676,-0.00506261661085972
"",0.130402627325915,-0.0335798239311791,1.51276910558092,0.0384070732184633,8.24745784167025e-06,358.822831921917,0.00846296276589553,-0.00208238232594915,0.0277600966176322,-0.00210421184826393
"",0.137730679720498,-0.0359964255838008,1.7133592450707,0.0368921685410528,7.37311427884135e-06,386.37513439415,0.0076408511299822,-0.00252061701301598,0.0247914822686032,-0.00218302784227992
"",0.192373210415736,-0.0891258940099171,2.71801010074948,0.0620633066435589,1.12356559889282e-05,619.986501965335,0.00966966241892908,-0.00417522661066982,0.0266063759940538,-0.00446283354717247
"",0.17627637077941,-0.0348807078317248,2.75485523124508,0.0690286905621756,1.44705178256599e-05,729.343073528181,0.00707360936373636,-0.00133383737611903,0.0274137284805298,-0.00561558347730862
"",0.198565437622131,-0.0534696080012886,2.08595637486517,0.0511930535977007,9.58175354337509e-06,432.479291460603,0.00797931410942421,-0.00295800199860696,0.0297290596634192,-0.00358662990070091
"",0.163576178173169,-0.0112502943718784,1.63650979567133,0.03851996275063,7.60128410215444e-06,378.921435019404,0.00682202258078801,-0.00188426688076115,0.0238935410193791,-0.00168929439529897
"",0.167139368735802,-0.0237122604380829,1.69163159746555,0.0384650091318495,6.90648066514754e-06,388.347887425302,0.00595099602641869,-0.00188458995294127,0.0235857761097108,-0.002315377946982
"",0.195817513169314,-0.0136035352055475,2.50200198904253,0.0551127187793793,1.07128520637767e-05,595.452867780975,0.00817165726833824,-0.00278252230399845,0.0233148195244726,-0.00377430565384751
"",0.143469113196959,-0.0247090800711558,1.2836884999191,0.0347254737181196,7.95604826464569e-06,284.340414944491,0.00215234477594917,-0.000208322505551584,0.0242655124640251,-0.00148713845234127
"",0.20711296563268,0.00133477062957965,2.11948681979894,0.0550028864632207,9.8614313243095e-06,494.465377090397,0.00973954971764113,-0.00268576749985761,0.0401555393814285,-0.00456766345810489
"",0.17703705936517,-0.0733878522798104,3.13606499770822,0.0662013602150124,1.15567402730887e-05,759.819378675474,0.0108502157657037,-0.00293405636826727,0.0222363398439118,-0.00448989238438502
"",0.139655001820692,-0.00814197464177324,1.72653547195482,0.0359443292616834,6.42992318417024e-06,421.177946151506,0.00445680978371221,-0.00162477819618673,0.0200266858540118,-0.0020250558236054
"",0.279584065206298,-0.0595154929243086,2.67901038666055,0.0593205799316598,1.03989650362957e-05,614.65164479348,0.00923673700817251,-0.00331549472035175,0.0348551010121989,-0.00518707956273512
"",0.191277254532413,-0.033079995693977,1.39063797162546,0.0358998422370638,6.77808008331393e-06,291.152804084561,0.00676680740824276,-0.001703528762248,0.0285672994234654,-0.00196979632763328
"",0.130977072108809,-0.0403092889194878,2.01489336243987,0.0440082937868264,9.06195014860334e-06,470.28053733725,0.00955709659279658,-0.00272626620732852,0.0210745104486099,-0.00245886243542548
"",0.124263192415326,-0.0123574807854507,1.26766624110639,0.03223098884058,6.32316674714639e-06,309.387539274969,0.00748674195784338,-0.00207851247707724,0.0270111941468379,-0.00169778251742775
"",0.176835734438316,-0.0307450938081405,1.8679058677247,0.0482397376664057,1.11100611766002e-05,460.254491790546,0.0047709748759589,-0.00175726933175635,0.0314698440249811,-0.00388432003357864
"",0.191792822676062,-0.042548075974605,1.78215471850275,0.0456593980466685,7.1152998770696e-06,427.501394704177,0.00572189306732862,-0.00131635691007215,0.0306799012716047,-0.00313013897655645
"",0.175885736052234,-0.0277820256278649,2.42511636348164,0.0642225274302272,1.2080663303049e-05,620.818882044161,0.00763152863196559,-0.00240419449175355,0.0377226526426938,-0.00594530934984461
"",0.0976147010050624,-0.0388029253807348,1.62442730701492,0.0327161633140727,7.12911933653526e-06,337.514985914397,0.0113261407576962,-0.0039627959975766,0.0219707657464624,-0.00178714316756423
"",0.216072246386756,-0.0362036903903962,2.15287296828602,0.0503291176192772,9.00471135156788e-06,462.709278686282,0.0100364491441574,-0.00187822941076499,0.0291502075345507,-0.00357491354507911
"",0.144424083121195,-0.0281487122193586,1.83414583173704,0.0454994996535452,8.22815632295359e-06,446.852618968851,0.0102835221359454,-0.00210200117893578,0.0277006778899719,-0.00272041399576595
"",0.229513668868864,-0.0765880004857666,3.04425662016308,0.0662314721884688,1.25917475335413e-05,737.981062702814,0.0136731509466498,-0.00338333328370188,0.0366949398451638,-0.00599681872195945
"",0.144317971355501,-0.0277841817186014,1.55818195882675,0.0374276804922941,7.1883968777442e-06,370.745430478019,0.00904917997528176,-0.00214819668696575,0.0240188759541154,-0.00216753013435045
"",0.0985626870786543,0.0923052097918653,1.42971228855457,0.0379529163185149,6.64046678755525e-06,320.558741922242,0.00641774427559416,-0.00199838301644106,0.0300449499604227,-0.00216553190418578
"",0.149783036059822,-0.0393550869273313,1.77269389887943,0.0435070975824681,8.5568259838853e-06,425.675490995976,0.00821129037398283,-0.00215082018517609,0.0159712443357496,-0.00223912960251038
"",0.196499619296964,-0.05504189827156,2.30527908101767,0.0576201907905721,1.23064901463854e-05,553.556549116679,0.00893308324557973,-0.00246690647701109,0.0338018386312616,-0.00469886833105726
"",0.147563071634299,0.000434111688429883,1.90731394713801,0.051190356492925,9.62946607174775e-06,477.888560002789,0.0107915559572069,-0.00279961476881696,0.0301605365258251,-0.00331469079375979
"",0.241037926710347,-0.0759069720136646,2.75380491847668,0.0622542516627578,1.16991544091283e-05,601.12984640402,0.0100131530371972,-0.0035978386038471,0.0375228097088121,-0.00551472928160546
"",0.218089746252204,-0.0467503147458803,2.16570007298228,0.0525224516410572,9.64979482431794e-06,475.139251866096,0.00947722855799971,-0.0026231411608818,0.0297640472448485,-0.00231235567006716
"",0.153267330197479,-0.023920709892232,1.67069541838591,0.0360954425146845,7.63272896275868e-06,402.714521073229,0.00714811648770686,-0.00198037973227899,0.0234229512144496,-0.00211912950862092
"",0.23652029506091,0.00228154951928405,2.14095804569051,0.0646000375966738,1.28830985601791e-05,431.517571430703,0.0105359653920778,-0.00286597444251746,0.0482165180228644,-0.00613577921723674
"",0.160962269289161,-0.0195215077967575,2.00259888696855,0.0465128174439999,8.94590804212392e-06,479.379127507967,0.00471199838457392,-0.00183758986566085,0.0300261256710177,-0.0032783517810997
"",0.13676547575199,-0.0256507956714197,1.57165492290878,0.0400746019964399,7.02180801004371e-06,393.49949689554,0.00803239445434922,-0.0013754517747544,0.0309643021695061,-0.00249028040494315
"",0.170316553577826,-0.0445485065911772,1.91981917617225,0.0500535884540576,1.02817382247045e-05,469.168150438348,0.00506491640060724,-0.00124414444281629,0.0339636305815572,-0.00357619047497426
"",0.145390515156468,-0.0287883681931445,1.98640901824139,0.0516513597459273,9.74721672819534e-06,446.277469391144,0.00597489059692147,-0.00232393995981683,0.0354172235837169,-0.00456446251685672
"",0.246440548225424,0.00729758136670811,2.81360974822936,0.0597544590324878,1.08640202112209e-05,643.994650185758,0.0122594750894128,-0.00323505829141757,0.0341168373756695,-0.00504335296575009
"",0.15426384028068,-0.0256389593736861,1.44329539997762,0.040664168853552,7.18494559681648e-06,335.564044075047,0.00617747784610601,-0.00126724730961647,0.0306053795170458,-0.00220331797125273
"",0.129861640955756,-0.0434428231029099,1.86684008304769,0.0402695828426447,6.56750800964723e-06,435.772846707071,0.00646789803293579,-0.00294955949459164,0.0231582173481348,-0.00234670936047343
"",0.115560642186721,0.0219885167891676,1.60730710983263,0.0381332772467768,7.32521289459331e-06,397.314366013979,0.006598829948537,-0.00182060520033389,0.0254575512040472,-0.00225607321731325
"",0.219229846588662,-0.0283741127806714,1.34958015145271,0.0404085322749798,8.75869517191763e-06,275.486347252745,0.00513102562434142,-0.000676140105806966,0.0344455372441738,-0.00244911664493142
"",0.200286449770257,-0.0438429753875924,1.64189328353964,0.0514662163768193,1.14805571022059e-05,356.301193254502,0.00670828964149939,-0.00160252313825826,0.0374571905611687,-0.00366016121819412
"",0.19008875402482,-0.0303154798790284,1.66762489625608,0.0398354785768745,7.10948508397813e-06,383.185751500255,0.00837150582673474,-0.0026247919426986,0.0252209118926372,-0.00234638771408335
"",0.115121210758212,-0.0376055874682091,2.06493734493075,0.0410524651043714,7.20929321795793e-06,465.10856288453,0.00581079383007999,-0.00290781555331576,0.0201833201391027,-0.00226511422518616
"",0.180612087376117,-0.0484679453656434,2.34183458422429,0.053450560467197,9.29570707908223e-06,536.9878058231,0.00980483182802527,-0.00531763611738567,0.0302230027326711,-0.00394598719376249
"",0.132404693562418,-0.0300109230045517,1.44515119892075,0.0354102728808356,6.34076240124681e-06,323.337425087267,0.00661654731366756,-0.00179011885791114,0.0239229507073835,-0.00161396315610796
"",0.163863813347084,-0.03719014828657,1.66038210711009,0.0397924985682391,6.51018207398213e-06,363.70546356497,0.00805886223465002,-0.00317042916578303,0.0243458863585233,-0.00208612155941368
"",0.356238333012932,-0.0327193199257392,3.81799260023324,0.0902746190789006,1.47796549443413e-05,848.002730942413,0.0209183870445162,-0.00488869651954493,0.0376525640623515,-0.0082345236881165
"",0.191324696206502,-0.0458341545636204,2.18705562360588,0.0509405792416123,8.30994097145155e-06,478.141872709388,0.00869173985967864,-0.00400119388323239,0.0290106988773131,-0.003642315923022
"",0.137664993065917,-0.0424873178702934,1.73518532994554,0.0438064836598695,8.71101862864876e-06,397.951095206273,0.00724660183248904,-0.00269052207335641,0.0273339130028444,-0.00269519528879603
"",0.270472340626146,-0.0751926082515481,2.87141959958054,0.0661736060277585,1.22513896944065e-05,620.263678135992,0.0116952866424658,0.000147111075293749,0.0337023372818795,-0.00569328746370668
"",0.185306647180999,-0.0379770361380039,1.73957101660513,0.054507970544182,1.17320229919837e-05,397.739945437947,0.00921041305024239,-0.00192490469709539,0.0417718138589485,-0.00417675231552395
"",0.145805458202031,-0.0373461354904042,1.61274664448985,0.0402424941273322,7.84397345687804e-06,368.859781508149,0.00610871756333287,-0.00156907687438868,0.031612645144688,-0.00272880746636506
"",0.216261567231993,-0.0011011918239906,1.99778286501608,0.0504944623260228,1.00719819429163e-05,455.196020546335,0.00607290093564139,-0.00172582840221591,0.0374611251661855,-0.00423848178686403
"",0.147796999305977,-0.0414361919521544,1.90335225059865,0.0484255310878867,9.59978177506038e-06,440.849136498513,0.0130904187928826,-0.00992259472740176,0.0291682411646954,-0.00360232154694717
"",0.163043396407894,-0.0566339927477733,2.18427681759185,0.0552938430788685,1.05375322634327e-05,516.052862739893,0.00607354008556882,-0.00228536207405594,0.030594659134256,-0.00393701015390102
"",0.147600332917205,-0.0657491910046049,3.4918385939581,0.065615944403824,1.1381497105889e-05,828.568025665678,0.00961331614782179,-0.00228926888801162,0.0195784171159313,-0.00419920473727908
"",0.0997457587390838,0.0460644564296286,1.8083839368089,0.044845448109343,8.87413846573093e-06,417.672288978938,0.00618386451406439,-0.00185845794455075,0.0292128913598338,-0.00291341871526407
"",0.106837385134735,-0.0274453140099995,1.69686383963327,0.0362431278351852,7.05134194090018e-06,406.126299426017,0.00529021511191941,-0.0014424227042717,0.022851923625028,-0.00204662127490512
"",0.144208611229962,0.00340576309418306,1.63969404096492,0.0423067856071269,7.5827565754194e-06,382.890523884856,0.00449836742998089,-0.000922134521644247,0.0325883198174642,-0.00316184432348765
"",0.211652090568892,-0.00949957315998784,2.68543133128403,0.0597253198983683,1.16159765417567e-05,640.225625173169,0.0109935089860902,-0.00293553511018785,0.0390590402429142,-0.00531610681304973
"",0.152463962800692,-0.0269747679010751,1.84266393343215,0.0402878520360944,7.84100342987593e-06,458.375415238595,0.00668373799177224,-0.00190279200333598,0.0286037839330455,-0.00280091881323108
"",0.194030449570837,-0.0555034954709821,2.4496306782287,0.0457389821440779,9.67054827882841e-06,532.595154906184,0.0102907229175414,-0.00174787695203515,0.0207652191261537,-0.00294684780688392
"",0.214796111655063,-0.00417906968049053,1.53500513495715,0.0470692057643191,1.04141980455941e-05,326.223882672324,0.00920404404505804,-0.00191864853202328,0.0376995607810626,-0.00335539176513078
"",0.128144038444133,-0.0421823752515954,2.04366049095395,0.0449331389098251,9.12116168705346e-06,507.08957626053,0.00753861289221058,-0.00207741393770666,0.0280180141314368,-0.00319839337184491
"",0.220908950977303,-0.0312938630979004,1.75044037805119,0.0463645662279882,1.02204784774296e-05,375.018370956358,0.00925494744259681,-0.0027592114226066,0.0360080730819473,-0.00353230200968169
"",0.125491646196685,-0.0309419745042755,1.89942222377505,0.0493972531642739,9.98582755373789e-06,465.747691231095,0.00646929177418321,-0.00148501849471516,0.0294927701006975,-0.00327938265180794
"",0.19398459601605,0.0190798196979536,2.31387706197575,0.0571164883757663,9.02503097255369e-06,544.846494305136,0.0117381048395371,-0.00322568392825684,0.0340111755759293,-0.00483653760720293
"",0.0983947563023557,-0.0215090562090681,1.66592348310367,0.041127890441861,8.16292421157438e-06,430.206321761743,0.0046006158226225,-0.00101951282903412,0.0298395275054875,-0.0029643982866201
"",0.0882599699978254,-0.0179694116824516,1.55394618758564,0.0274064892982762,5.25183120603234e-06,358.644441148482,0.00444403033166008,-0.00203210535919263,0.0170668503653576,-0.00127679543893838
"",0.121993910402546,-0.049181935060108,1.94363241777304,0.0446063157209381,9.07113344161825e-06,469.934984198983,0.00739346260229812,-0.00224141680925383,0.0183249974653049,-0.00213365340377691
"",0.156939494999717,-0.0411783453277415,1.64448590839465,0.0404689438590622,7.96532186042587e-06,377.893715458326,0.00640218252868918,-0.00177700401432501,0.0277143850402201,-0.00227857342828541
"",0.118990619348447,-0.0427088513854507,2.32360368470125,0.0434640252894997,8.3770110848036e-06,577.654110612345,0.00780665693383975,-0.00276321355588416,0.0143183149051845,-0.00157974522382864
"",0.122121254892138,-0.00684541897950225,1.44180231137531,0.033889443500551,6.82993522849173e-06,348.065694759659,0.00373863193409846,0.000163251792077712,0.0242688215363607,-0.00172201502725983
"",0.168871334879001,-0.0394540378060165,1.93413444977723,0.0435603735344237,8.23733653509962e-06,475.392036942347,0.00924454765870164,-0.00202301887478051,0.0252015404061806,-0.00273540910022962
"",0.137777333621372,-0.0345905240803079,1.71168431813003,0.0389977840709321,6.55604578958524e-06,371.598476668142,0.00858994193909945,-0.00194218967843052,0.0263552503379921,-0.00228955698934608
"",0.175428781894138,-0.048223532911465,2.2432304277137,0.0526616326334134,1.03751467556146e-05,520.922702985922,0.0119553207618833,-0.00225298407798002,0.0352932545224921,-0.00426995764958582
"",0.200482613216951,-0.0298695846986802,1.79371621597668,0.0417368009379276,8.37041373713543e-06,412.796716589796,0.00786772038552375,-0.00183500697550909,0.0267408178626222,-0.00272709721517439
"",0.185942236704886,-0.0299394050398971,1.64665026098165,0.0458394541899554,7.87570975102625e-06,364.142491724364,0.00451085944251639,-0.00105494524332839,0.0337447582094003,-0.00298792358546796
"",0.120005663220679,0.274473712370049,2.16576916274198,0.0507984194513533,1.02823805997465e-05,487.502664031113,0.00665623549936378,-0.00248262035790203,0.0256763896121226,-0.0031264881836246
"",0.245363385824371,-0.0823185728341669,2.72939330380688,0.0680418777163766,1.45040734284008e-05,621.181712964868,0.00779060024222455,-0.00267934095818378,0.0374948361428762,-0.00589400110978522
"",0.243197347599158,-0.0352996167095748,2.01576304900278,0.0513243978206845,1.12502182986196e-05,441.005513517259,0.00540553525854581,-0.00216351625290101,0.0390382783589938,-0.00404512561434645
"",0.156345205870032,-0.0427445577124014,1.84774705244421,0.044983327518705,9.79782739662927e-06,438.425809375633,0.00673597263697867,-0.00212126809388813,0.0287333259074568,-0.00349217219808295
"",0.159435002453148,-0.0416587706795202,1.79953004547372,0.0438999364078263,8.38668580416257e-06,409.610651828545,0.00901555106101737,-0.00348921182795336,0.0344982297550006,-0.00348320119437917
"",0.123695227097098,-0.03362420023309,1.80034702203784,0.0362098492819526,5.99042117299664e-06,428.39978700643,0.00603641013922213,-0.00202020787339746,0.0143568210122652,-0.00140808628287803
"",0.210732842908512,-0.031128568233188,1.67806794123776,0.0482799894955532,1.15387954746637e-05,359.914056134602,0.0108977282414074,-0.00326631035067748,0.0365062847976494,-0.00344917253997101
"",0.338988345214258,-0.0419927372686951,2.44291128323487,0.0564185845323972,9.61115743935981e-06,556.553579035814,0.00973594139991318,-0.00243925073291351,0.0266642367084541,-0.00408183860110822
"",0.151228322826144,-0.0305018217913039,1.76524732033287,0.0443337062561444,9.58994884892039e-06,403.70585052307,0.00742439111672821,-0.00195465094336711,0.0327045665755449,-0.00293698816364318
"",0.112492270858439,0.0134682807872294,1.36844538117634,0.0346905291068456,6.6273068283218e-06,284.041244833998,0.00765407126240847,-0.00160099904068789,0.0356637048923164,-0.00236432880712512
"",0.151689559583723,0.0803014632989318,1.65885012984178,0.0432871274320124,6.85729381610933e-06,420.134064734213,0.00667606876485205,-0.00177917529679827,0.0318882267025394,-0.00299791666485971
"",0.197424526953136,-0.0239518000816341,1.43915709615074,0.0434622909060156,1.16979427117192e-05,332.296682548319,0.00496904290614442,-0.00120564306090032,0.0367482908112532,-0.00353537348134203
"",0.137284695138025,-0.0261141069725912,1.30447974491256,0.0342433383427737,7.48773279490855e-06,298.45776210536,0.00559800725426912,-0.00166192568346046,0.0257982248503819,-0.00175077574723903
"",0.185924638460511,-0.07292099988708,3.04697759247909,0.0611185805396708,1.2969913476546e-05,719.827718549615,0.0115020369504948,-0.00395918620739455,0.028766751915793,-0.0048897716379559
"",0.137492783323381,-0.0176361931700092,1.39643451615737,0.0365062707705088,7.24233210902536e-06,321.369596163021,0.00554601040342328,-0.00122593966930817,0.030189332139996,-0.00231168567113582
"",0.201500816025546,-0.0395856237542652,1.93005128018613,0.049404569726158,8.75331546135172e-06,450.492710406462,0.00890195597226529,-0.00234999192212648,0.0280563589687144,-0.00347902937940237
"",0.186717217339247,-0.0484451560296278,2.11775344005961,0.0526145203060269,1.02983367805676e-05,478.356013313249,0.0115923010914759,-0.00347861796833049,0.0259445307881495,-0.00390958057293334
"",0.141643547305711,-0.035412051957201,1.46640852144882,0.0356918576605303,5.94026580702511e-06,345.540979331579,0.00587522824779807,-0.00139418599948149,0.0272778579229749,-0.00197992171560579
"",0.247621604645074,-0.0644112650600298,2.35028073246965,0.0572778807147872,9.95933382985648e-06,497.01148060925,0.0124247119763221,-0.00355242534127997,0.031427202179829,-0.00435095767870042
"",0.178584796115183,-0.0116922477127052,1.8246914059809,0.0415307343354099,7.83581094454533e-06,395.652461255752,0.00483944841332684,-0.000956965193699144,0.0313046441302728,-0.00290748479901681
"",0.151046929154047,-0.0585942077416801,2.39248251356502,0.0497728511476697,1.01459073920118e-05,537.647604261235,0.0108765952121781,-0.00358739899983251,0.0216101574961325,-0.00317560619289559
"",0.0954959656083859,-0.0172084614012968,1.78125611849643,0.0446148289146159,9.98850670230755e-06,526.868002856135,0.00648111879573976,-0.00181289778880545,0.0231572197532531,-0.00381134930281524
"",0.097110177685121,-0.0228967827503451,1.5956706902163,0.0323172518467765,5.82072581106763e-06,396.145534581193,0.003309866529487,-0.000580723040828623,0.0222215666103309,-0.00177820615100688
"",0.16448724976599,-0.00566280866676205,1.60744371428656,0.0404431001803651,8.84957568336731e-06,369.417748605975,0.00500487276025585,-0.00109336810794058,0.0240581500034198,-0.002193461726821
"",0.158509485611219,-0.0438413539660537,1.73689763780376,0.0407818871155791,8.20119946953746e-06,400.025628345291,0.0065258412556557,-0.00224003593887745,0.0219190550045656,-0.00221762687946381
"",0.229639149604555,-0.0221218477958057,1.41945714216704,0.0444336293365516,1.00579513329091e-05,314.662463400043,0.0092620411482891,-0.00205835270382371,0.03921476116725,-0.00305008666340312
"",0.116953736011845,-0.0227555093857967,1.38429824068906,0.0323329317556478,7.14316474720311e-06,307.083978356376,0.00486923222528524,-0.00151809559469779,0.0254412273125726,-0.00174788359040556
"",0.217314261036619,-0.0234745520018148,2.04114175978075,0.0528612700890774,9.06860266047804e-06,478.179211417197,0.00984896458831874,-0.00277528108290348,0.0253865597734243,-0.00324796885287082
"",0.104285048408398,-0.0213232099872812,2.41456239992495,0.0572053092026265,9.30644308838602e-06,627.251900365517,0.0105375433408772,-0.00299979773767112,0.0295454563378622,-0.00458968432427709
"",0.219197160846854,-0.0402331627209346,2.04724348357177,0.0572204979032848,1.25649935317496e-05,429.218353493555,0.00980405517601868,-0.00309352596351842,0.0361979936911311,-0.00518900930004951
"",0.182465810952298,-0.0115932163015225,1.80506851726205,0.0439710275194488,9.18321414744572e-06,399.961333997994,0.00923084962511922,-0.00230614488339054,0.0266036681049325,-0.0029444070749618
"",0.100144683744627,-0.0137698962023175,1.53008524054919,0.0313099822359456,6.56659067399534e-06,377.093636693962,0.00298784157308496,-0.000721784305615647,0.0185446719362867,-0.00143816879701053
"",0.229864140026889,-0.0375095222428651,1.95517596098181,0.0431647668570206,8.02844699054894e-06,420.296747804407,0.00993449250506762,-0.00204697761971295,0.0200776930008029,-0.00228969370361098
"",0.107844060972084,-0.0345305284345787,1.86290372028092,0.0398355709856912,6.48283451920584e-06,443.288450166853,0.00832150957782996,-0.00264022514698259,0.0231984099710453,-0.00224516887446791
"",0.17783776484448,-0.0493165858646005,2.40922817665254,0.0506727299042081,1.02395129042421e-05,565.132244008273,0.00782314345207369,-0.00353739881041315,0.0268048281308053,-0.00390322369128726
"",0.143773682913073,-0.0263677741445811,1.68637156102042,0.0411858522750552,7.8299108446922e-06,395.374783886472,0.00843998953302394,-0.00175133899664448,0.0328256103833413,-0.00294444349145662
"",0.226341717618594,-0.0279173460860233,2.2153881706943,0.0560364723836138,9.93480417377235e-06,474.130676998606,0.0104908294915051,-0.00389741072216732,0.030883672877291,-0.00436834727471358
"",0.150004932486902,-0.0117341894077805,1.68078769359586,0.0382428339987806,7.52662977776541e-06,355.655822762916,0.00800928118589728,-0.00267515997151579,0.0244192264446941,-0.00221275996642456
"",0.128570140423986,-0.0181403201196112,1.44998006621935,0.035469692138787,7.31521647423516e-06,309.933387940398,0.00633642097971898,-0.00205889685112037,0.0237564670667462,-0.00197232485302234
"",0.15776433917003,-0.0462014201478567,1.78930733877454,0.0462379116172168,8.6117840081279e-06,425.784399136504,0.00948292914601523,-0.0023421242179994,0.0370572446130868,-0.0037302527755162
"",0.134325093043036,-0.039754814950152,1.74722906404071,0.0433117110079234,8.67605427778972e-06,407.735832778379,0.00466212593754067,-0.00102557011645577,0.0302591142969516,-0.00289680345498533
"",0.233848836949282,-0.0308310262084055,1.74314810842068,0.0432544565227011,8.17554493548478e-06,392.319776898233,0.00845401808895196,-0.00178228555391957,0.0274116909883132,-0.00268789923001111
"",0.251103318500978,-0.0388084613175965,1.76874069965768,0.0572609413693193,1.1800437821341e-05,382.501683920935,0.0124658509118025,-0.0031145908558905,0.038361563090894,-0.00409377866250615
"",0.195521195240217,-0.0581843444494301,2.2051347275546,0.0552331127763039,1.1275414713019e-05,525.958235089176,0.00967278036602404,-0.00235797420562733,0.0474825971049364,-0.00505897849950587
"",0.168861128567593,-0.0483014036133378,2.07400251574177,0.0481442263223913,9.59609965101027e-06,490.403820221212,0.00768706771249461,-0.00222403282784667,0.0294680497879701,-0.00356185201952353
"",0.194531804517201,-0.0341039038753294,1.46637943039397,0.0457106972776011,1.00410214587399e-05,324.961295750178,0.00568107543640062,-0.00130604768389109,0.0408070397789201,-0.00370437353282294
"",0.167565417265508,-0.0253762779204164,1.75233474753338,0.0405530898147655,7.64599612790295e-06,412.114013324631,0.00518150619216451,-0.00141913781731562,0.0288520712235785,-0.00269555444179503
"",0.218891536155161,-0.0173588791390622,1.56857548985921,0.0458882853381914,9.99524349398762e-06,338.743619450464,0.00687909912554241,-0.00206095919634552,0.0431519705831884,-0.00352324202251841
"",0.108545285443074,0.0732654578562836,1.64843496288511,0.0391741587930927,7.59724518017979e-06,379.469331502795,0.00705521498750583,-0.0026032120319236,0.0260307998504877,-0.00243197465296663
"",0.14010646141227,-0.00916967373591759,1.56687240216513,0.0407175027664769,8.34225558077328e-06,381.709189983494,0.00688345589429373,-0.00179748523519707,0.0297566091918694,-0.00238912714453643
"",0.16701281958266,-0.033584877851156,1.62977917215762,0.0376337361418927,7.63212537613356e-06,344.931597721096,0.00341748449890489,-0.00143553773312988,0.0198443753006011,-0.00167741971880686
"",0.177109947278542,-0.0372036249138841,2.00490928552922,0.0521192239109902,9.57839658977111e-06,448.343143765845,0.00769727698166078,-0.00266762356102013,0.028147248860258,-0.00338411512693093
"",0.14275293105126,-0.0309699364306748,1.4389743750836,0.0363891784856962,7.54032473959665e-06,312.287507598811,0.00690403965007691,-0.00179496153361602,0.0249714233238746,-0.00166705361245856
"",0.202610402252001,-0.0446046764984859,2.08964148402556,0.0489926147660691,1.00642656569727e-05,453.028616836681,0.00819328502243977,-0.00232389408733047,0.0305493846131238,-0.00338187921139488
"",0.171517953043029,0.01931393184397,1.35638035577214,0.0357682502052509,6.76208711247739e-06,299.226359374604,0.00507576294389578,-0.0013272041036877,0.0288539950592387,-0.00184834866706618
"",0.162505792744343,0.0137191321741004,1.89447679908031,0.038747816991487,7.76715609884793e-06,460.021782579615,0.0110618442414057,-0.00182070219892361,0.0206242107744642,-0.00224444265958801
"",0.187026623457889,-0.0156506613064877,1.5909298685735,0.0475647099733578,1.01951199565908e-05,334.422699029802,0.00698562854889451,-0.00159431938945298,0.0382784617844745,-0.00331444376847068
"",0.135661181870486,-0.0229446730327793,1.45065988570696,0.0383331721907215,7.42470369907711e-06,325.757563139037,0.00696504033131928,-0.00179518167493786,0.0326952566933603,-0.00244114343254942
"",0.128901963674814,-0.0180119486569985,1.67083516232334,0.0349744377751773,7.78893412267667e-06,392.89542533048,0.00812330988873844,-0.00304751556631788,0.0253738673890655,-0.00238048015260839
"",0.141671033541679,-0.0258872213416,1.47385312600894,0.0385392285117414,8.08963994403111e-06,342.947127597109,0.0048864871673715,-0.00135441096184297,0.0292033716925572,-0.00242609642193969
"",0.179179114833117,-0.0407890515273651,1.82866784143643,0.0464603457002027,8.1748899594114e-06,421.738777286033,0.00700507024686825,-0.00214299640487192,0.0288460804653834,-0.00289605670202031
"",0.205343710629566,-0.015746193373023,2.17054471250105,0.0507280314899633,1.07051887909826e-05,504.433869039473,0.00978085443792409,-0.00261450847248434,0.0277930934438619,-0.00369877446526612
"",0.165937879040221,-0.0427508928855236,2.07849473661295,0.050740519977735,1.03991887739907e-05,500.262858790266,0.0112583419838302,-0.00273157423080761,0.0319672289376405,-0.00399720039828688
"",0.227934711592812,-0.0352771887684178,3.03373963552796,0.0626651749283946,1.52349435844634e-05,649.573319793501,0.0110614991164493,-0.00450790309870774,0.029108753387394,-0.00533158141227674
"",0.188053624064974,-0.0342904067282962,1.87515210908436,0.0446924812688848,8.86337150896033e-06,407.459582256376,0.01081119767532,-0.00261208977143934,0.0257920605020445,-0.00269336504052364
"",0.14527687894611,-0.0313128733369084,1.7557440170422,0.0480485357376437,8.66932998999648e-06,459.722716623217,0.00560823984270542,-0.00124892179077796,0.0429021654215628,-0.00408884509969787
"",0.108472315968222,-0.0183398881964253,1.54952456955627,0.0381710753691727,7.16291198576968e-06,439.273975110385,0.00517250828281635,-0.00104256775733391,0.0258817103797743,-0.00205980803744121
"",0.141939486958287,-0.0134637443621466,1.44021526636273,0.0389866702732722,7.54427502414057e-06,339.474213802758,0.00690155445048912,-0.00173389236757249,0.0266252805277284,-0.00182414617981574
"",0.132889817641188,-0.0150381725687598,1.44705746603567,0.0372982419125645,7.67577852667234e-06,345.152808008001,0.00599762520800406,-0.00148296747216892,0.029384910040911,-0.00228050956960213
"",0.11161285553192,-0.040780018631989,1.7765841242985,0.0400471698720622,7.94101813472725e-06,404.076335879866,0.00829088054407623,-0.0023500561584372,0.0257078767402774,-0.00262396153387356
"",0.217656427680971,0.0309514249086651,2.84308923661759,0.0706178950239944,1.39035426643952e-05,704.34913613292,0.0126946026009767,-0.00355584926127472,0.034891705436621,-0.00646133192012954
"",0.169360637520502,-0.0334779735010754,1.76671849311251,0.044724702216975,8.15778822271795e-06,412.557480027644,0.00320028214544077,-0.000446181809679591,0.0283052256319499,-0.00318284586947604
"",0.18529344011077,-0.0204164863941009,1.60335468822953,0.0384354795663483,7.85123678570532e-06,372.871297701725,0.00357356503806472,-0.000835271642435353,0.0249206263451263,-0.00204373989204365
"",0.158329313068667,-0.060923502554891,2.1993823654413,0.0510389500880531,1.03784387472938e-05,549.688381442746,0.00611340960512963,-0.00171560910920687,0.0289993559596385,-0.00403321462091877
"",0.131022839443599,-0.0113186546679273,1.47748374302942,0.034097190566823,6.45142568533874e-06,341.302958743005,0.00371372367059808,-0.000856827499048918,0.0234875139649565,-0.00207760298995968
"",0.154205776664348,-0.0278833754141922,2.25549189738353,0.0594601832314551,1.03658314709598e-05,518.01621338219,0.00726808169763948,-0.00180082564212036,0.022315760017419,-0.00322574902544837
"",0.144867148907699,-0.0281203530979254,1.52172524446544,0.033945848089946,6.28022766430147e-06,350.787724973236,0.00785916625824917,-0.0015463339585256,0.018758448378807,-0.0012068351079586
"",0.125750829564952,-0.0243215564756372,1.47456510315956,0.0359962849888901,7.2120213134852e-06,321.845608462347,0.00695378045149908,-0.00391889961673386,0.0251115475400077,-0.00180735072803639
"",0.156438120353194,0.0188637819606291,1.31164109196283,0.0339661301767963,5.39872391236429e-06,300.98571664636,0.00448647306240668,-0.000829367913651735,0.0295725570019223,-0.00205435611652649
"",0.16268307416574,-0.0248561294051014,1.77453196436736,0.0362925337381304,6.88791976233283e-06,404.734367019897,0.0031800271278401,-0.000805917818369473,0.0193339010347016,-0.00183325837161546
"",0.139310677620033,-0.0359182383361245,1.69076750544353,0.0449040683075663,7.83667469805849e-06,440.993153327208,0.0080540418806313,-0.00196319223358388,0.0321515867936217,-0.00312485633985338
"",0.141745940499788,-0.035459946539404,1.88478638316,0.0404975345216357,6.6453632735497e-06,426.127929447129,0.00459439154827657,-0.0011527219457852,0.0227076235384677,-0.00240401212121821
"",0.23525906321431,-0.0144734685208064,2.21678595761075,0.0575512935244299,9.78629999259795e-06,512.926198184686,0.00871332106874845,-0.00317176515243767,0.0382142367877508,-0.00484245527442029
"",0.183386588029646,-0.0675731315114975,2.31909659523505,0.0571264818367001,1.1517858194976e-05,557.434381107352,0.00809874934523669,-0.00188455931433851,0.0246375912218433,-0.00369921799102391
"",0.138900195342351,-0.0155881786946255,1.79798464334302,0.0406792687074331,8.10953504348788e-06,434.763241669406,0.00454511740345664,-0.0012029588354473,0.0228851818128012,-0.00239796543377579
"",0.269286938891167,0.0920877072259768,1.81069023910636,0.05233037611381,1.19900055578492e-05,403.826951323452,0.00626042944766592,-0.00260677680806454,0.0284186461391583,-0.00356324140417252
"",0.470264412504695,-0.134821167013299,5.45727366731785,0.123801810986396,2.48939306390916e-05,1275.37199245194,0.0222961168836189,-0.00512416436840302,0.0421466541583593,-0.0115853613479877
"",0.167540395659679,-0.0492891435460857,2.09995347570276,0.0481830858368865,9.1459564227625e-06,479.163086242763,0.00946558224029781,-0.00291959863565894,0.0339557436119103,-0.0036698101560928
"",0.292937160017728,0.105134678976299,2.81800767219462,0.0698538441335911,1.4983499441179e-05,705.48844937165,0.00847825623277731,-0.00247528189438462,0.0270912466986684,-0.00566345011669689
"",0.124271892842115,-0.0489713133959568,2.74011968514908,0.0627363670181041,1.2776561891803e-05,691.839180275423,0.0134474514685845,-0.00503874756235811,0.031631432630394,-0.00561007842228567
"",0.141826341299819,-0.0377899123617104,1.79907730006625,0.0405639006169356,7.88957563169213e-06,418.292815137146,0.00822800585528749,-0.00170351109134159,0.018944162291451,-0.0019259815487449
"",0.165729596281985,-0.0202624485890202,2.44341740178325,0.0516646508260249,9.93762894196948e-06,594.131770894593,0.0112782130061301,-0.00280716565963235,0.0237231661760345,-0.00342807713625548
"",0.127306367269951,-0.0313972996638726,1.56168523796622,0.0352117459458401,6.49546466613415e-06,347.347243174731,0.00557777575015128,-0.00188640358886327,0.0240758646778624,-0.00180739096707072
"",0.220392817155718,-0.0434145571303612,2.30633014177137,0.0499631002340989,9.97660964952019e-06,502.73896710673,0.0103553540925089,-0.00292617970026887,0.027952642306095,-0.00360729200546417
"",0.0959938119714857,-0.031759637687867,1.73028149551165,0.0319808403480837,6.01070353212219e-06,453.008313964351,0.003115108033587,-0.000755020481524316,0.0191272282216437,-0.00170236557248821
"",0.14964787073142,-0.0181603193463303,2.43387107080545,0.0614786683397484,1.15488875129799e-05,576.097365733438,0.00431055420203885,-0.000342146103199381,0.040142186664413,-0.00553200294517442
"",0.239625144992733,-0.0344156631898324,2.44971879395582,0.0499352722512225,1.13689267999817e-05,522.670054292042,0.00964851754692297,-0.00223121660190839,0.0277131492753685,-0.00396643069447422
"",0.193488690430385,-0.00873372595941446,1.8867183808005,0.0467705320550127,9.11288200455829e-06,396.443849030505,0.00989134005188741,-0.00275764162280256,0.0381133911169507,-0.00362724013595883
"",0.158383935528306,-0.059754273411497,2.57070641709956,0.0637578318847115,1.22767785243338e-05,614.922319109545,0.00990828640289043,-0.00251685801326562,0.0321234890343358,-0.00481007806635292
"",0.164600560426165,-0.023946830209079,1.4961521479671,0.0365004744071612,7.54650913981081e-06,342.403373430188,0.00525087842591365,-0.00148475397536429,0.0265899378251028,-0.00197067545326668
"",0.0972482455544044,-0.018778421093435,2.19030912659043,0.0469377760201201,1.05235800906822e-05,575.541694218164,0.00815355146092933,-0.00223368661385337,0.0317871751505105,-0.00467060201184144
"",0.22235822971875,-0.00780261680637107,1.59743713043116,0.0456109386377385,1.05745098510912e-05,346.68531841721,0.0167935261012192,-0.00617432263312623,0.0358355341169986,-0.00326670749946356
"",0.21946099040486,-0.0625789580051134,2.74374249052509,0.0617560208009127,1.34652751448971e-05,598.951714340075,0.0102959035339772,-0.00324020638886591,0.0347171321413292,-0.00531090081158647
"",0.166988061532231,-0.0715265117579439,2.65290810920611,0.0625061034092156,1.07845469221601e-05,626.096620751451,0.00984452341075415,-0.00347007609219352,0.0320629479586276,-0.00507151969666997
"",0.133114902418102,-0.0471870040927302,2.11734250472817,0.0446511916644549,7.85998116592523e-06,521.435608366569,0.00744774341558674,-0.00229627522929654,0.0253396862152505,-0.00293766803419193
"",0.136247703031028,-0.0219146346043669,2.0654120479551,0.0493927316996129,9.61567409030195e-06,487.091127952584,0.00873649596414006,-0.00261589879144153,0.0336007502851343,-0.00437612342424343
"",0.13020531804718,-0.0450456981821723,1.62297263284684,0.0416358261205035,8.67622931832734e-06,388.109984988619,0.00528378606752533,-0.000999597435880073,0.032001290479769,-0.00293142399440671
"",0.153044721877951,-0.0228259085801041,1.92584823046966,0.0460061057663969,8.48626748040093e-06,432.375547396002,0.0107927422667298,-0.00451052602966351,0.0335960867358376,-0.00351880423464512
"",0.213173728162666,-0.0614930058693147,2.46144055203441,0.0599750818286032,1.26287542367987e-05,531.960957822899,0.0103538109327422,-0.00218170721391631,0.0347217452440624,-0.0046137366311455
"",0.186417052714313,-0.0265218105052756,1.88739106895652,0.0424238111888381,8.80651074286476e-06,426.256072808235,0.0101514176551742,-0.00288591205213629,0.0233996824616917,-0.00258110511522358
"",0.241531985826909,-0.0139277942199367,1.79314314230131,0.0516942849884822,1.23313878691578e-05,379.098215215107,0.00318411060247492,-0.000175213979228261,0.0408419298856266,-0.0046895418491788
"",0.147547261274666,-0.0381016388110306,1.76497935668539,0.0418540367362746,7.23235213384577e-06,445.755046950391,0.00631148122906544,-0.00153267795727219,0.0261466923371229,-0.00244382410974353
"",0.272576181434003,0.0442856766149358,2.67788458702498,0.0704661839264487,1.25651909432811e-05,669.328476002155,0.0116185681725278,-0.00404237232692894,0.0301232977515664,-0.0055783934067577
"",0.114244231469461,-0.0285656936263382,1.59463232124869,0.0345164991700439,7.63507991552448e-06,357.247378251474,0.00325145875865185,-0.000812374954584083,0.0224961381206298,-0.00189752671846122
"",0.112088263637802,-0.0295538471941775,1.56774938627696,0.0388819445723276,7.77881060953778e-06,404.308957559038,0.00478366745541858,-0.00058086543378022,0.025800379346963,-0.00221114587903304
"",0.227817751792911,-0.0594319229580142,2.56960886858275,0.0565539451272828,1.0066222203009e-05,579.476214949209,0.00772018286757103,-0.00139591855122245,0.0387752558140692,-0.00482952552437188
"",0.0953856258778182,-0.0223591420438346,1.38670024414048,0.0340331365166688,5.6991051392008e-06,337.372295033953,0.00565405734060526,-0.00119324618685218,0.0269864924977992,-0.00176947184228615
"",0.187006924027261,-0.0538058218152448,2.13480652097309,0.054036913827174,1.07022791323574e-05,467.984781533789,0.00592166723463461,-0.00108615713353966,0.0389049106358924,-0.00460330239128448
"",0.115592517500533,-0.030777827318175,1.48988713931096,0.0335356299155098,7.41789180080943e-06,338.579759576832,0.00880522687680962,-0.00262867698473668,0.0222279680647253,-0.00167807702227546
"",0.228278108233101,-0.020800396833609,1.3679909481482,0.0415108263231156,8.7308329455027e-06,312.625021146483,0.00695030802169705,-0.00186184279413193,0.0371725000579276,-0.00296208441788459
"",0.129173367201835,-0.044608022712167,1.59966219893656,0.0372073984921395,8.25220244915492e-06,385.832335204445,0.00608781930877544,-0.00150134722368134,0.0238300125673108,-0.00200741392941683
"",0.127193389496259,-0.0100746030310753,1.37697258835968,0.033213376471608,6.40735185741814e-06,322.329166241322,0.00584013457415739,-0.00180497517807132,0.025517639068183,-0.00198233656020785
"",0.176324541147369,0.0530314444832508,1.64288987962126,0.0426448660077738,6.99476022936185e-06,346.877382322834,0.00744430424504117,-0.00236547509405161,0.0295098717737613,-0.00265652048742071
"",0.158271160637741,-0.0598931629538918,2.42829465983742,0.057319178310325,1.22178393929806e-05,557.076670063159,0.00815427541396574,-0.0022710894738015,0.0316189488313995,-0.004617468499446
"",0.178759993609792,-0.0296148035748844,1.46162120265171,0.0368297702820347,6.65193997106961e-06,309.667433547025,0.00237234000394215,-0.000487878148658361,0.0277465709244279,-0.00205138532197169
"",0.134657957180553,-0.0308481407012701,1.71948196388713,0.0452313056124032,7.94109279722566e-06,390.60424933074,0.00537990326063276,-0.000697544212932555,0.0303862808578859,-0.002840046802427
"",0.162777856541341,-0.0320870566640485,3.47209079916402,0.0863059466436056,1.666705606862e-05,899.130052663191,0.0155884887629576,-0.00430054790165335,0.0443416337897184,-0.00878606666945836
"",0.159491134069885,-0.0410942788758722,1.46705669530447,0.0347605612683113,6.69349641685413e-06,310.659596054054,0.00607778912713186,-0.00215398864920197,0.0247844932908248,-0.00170027865582789
"",0.173873635671631,-0.0382221452289999,1.46577304015515,0.0428423837751241,1.01977624261673e-05,308.889033604688,0.00856550792062427,-0.00228413910477454,0.0313547515764789,-0.00277250936643603
"",0.127614917277322,-0.0207106147366437,1.81602410612772,0.0442880657282735,8.35673306942564e-06,415.893728595886,0.00907877268524482,-0.00168059254433695,0.0311846631175089,-0.00294306576291425
"",0.117130971256624,-0.0354975447341768,1.61720519636727,0.0358843450673357,6.95383186449794e-06,366.138413089645,0.0078254077310741,-0.00204733918645478,0.0258494106311902,-0.0018309420856677
"",0.178475909240486,-0.0187503514190029,1.88619205274511,0.0448178573975166,1.02736206625265e-05,435.793868099664,0.00881098586563711,-0.0022775081028048,0.0248398670927297,-0.00261524824889114
"",0.284460311915952,0.0152760074545177,2.09231338237964,0.0596090058460619,1.28068635973921e-05,459.999493043728,0.00794001126477872,-0.00294405819395438,0.0298151710276251,-0.00455057942244652
"",0.144724201690552,-0.0369066302226273,1.51418186787695,0.0401675080675262,7.01999325336544e-06,349.981005926798,0.00745226711164337,-0.00191078477539131,0.0324147030994343,-0.00237683920903398
"",0.169604501084858,-0.0424876801305984,1.85086594563492,0.0469230485004302,1.01171885730222e-05,421.952986128331,0.00366805136081672,-0.000831688284241849,0.0307686383199807,-0.00320758714068836
"",0.211843599212169,-0.0198298687425214,2.36616659390482,0.0503242275401439,9.78494635317517e-06,550.615609897703,0.00798887896413802,-0.00244582778577418,0.0296262633754651,-0.00391169704989924
"",0.208584082137628,-0.0808067245426231,2.67537325223827,0.066033727507242,1.4954027613423e-05,620.54483191216,0.00901182677263968,-0.00333754976300504,0.0270181207566722,-0.00599290646155493
"",0.146597810960929,-0.0300308755780826,1.28702211232287,0.0335817745129238,6.75996172927462e-06,270.854914033126,0.00684684087156467,-0.0013430926484731,0.0254729587502445,-0.00132112255362554
"",0.237553162003926,0.00856882627128797,2.77912037316762,0.0647190969387673,1.16785382336948e-05,670.52662947582,0.0104182095643779,-0.00365101507292243,0.0299771599371335,-0.0054363525056611
"",0.167334414191006,-0.0370979086276313,1.52587292343422,0.0381889453909406,7.70941178951379e-06,322.110258190722,0.00517368127614382,-0.00149553137322733,0.0267476560298074,-0.00221419788078159
"",0.122855023515486,-0.0221910964811473,1.45290090869411,0.04098098579422,6.74203000372575e-06,366.738564619021,0.00981087561638394,-0.00227910751950111,0.030619586047026,-0.00236598222132234
"",0.192281130930796,-0.0410790274214812,1.95524781885381,0.0491981845682082,9.75973910022354e-06,456.570850083881,0.0110127839057089,-0.00302472020212441,0.02640019793404,-0.00298039738307054
"",0.204436303603728,-0.0345996730644893,1.76315540843668,0.0431308095591304,8.60419280268587e-06,401.211077189527,0.00592222820126886,-0.00182082179518706,0.0259024153927562,-0.00261832261973238
"",0.161984561544579,-0.0261984144985239,1.66916868774661,0.0419487221223203,9.5065645494552e-06,358.548396720905,0.00500466356045948,-0.0019585239941361,0.0233252481328661,-0.00214076064310176
"",0.193408960042607,-0.0297910580589339,1.81014656443426,0.0422511422653593,1.02121207740113e-05,400.446939588758,0.00533089961823885,-0.00187919270754067,0.0213416299463393,-0.00225256072937385
"",0.158532220686167,-0.0281223763654165,1.37986585505064,0.0382722047885392,6.73141739571115e-06,312.377341466566,0.00590830509170082,-0.00148718114516277,0.032036935397467,-0.00213628981012015
"",0.16647689592332,-0.0317738430720416,1.8391704816236,0.0427484909778508,8.10729443301295e-06,425.330350682521,0.00486014099405907,-0.00104027153299824,0.0270825037450573,-0.00283914077925385
"",0.173816537126309,-0.0239585228889172,1.49397911543101,0.0342367090496037,7.3863911445593e-06,332.301866084664,0.00533904174515598,-0.00133424772839202,0.0235561892260594,-0.00177604624512773
"",0.176801033105342,-0.0330758029564726,1.78398848825519,0.0463594141380808,8.38794689261846e-06,417.827345628544,0.00527174112510687,-0.0007582072044654,0.0330340115271693,-0.00326289915497657
"",0.157008193175781,-0.0465440206245948,2.04102424915667,0.0544641907948007,1.01468882740541e-05,483.857989233056,0.00305510137581233,-0.000138886347200717,0.0407642574654088,-0.00490708961618791
"",0.101770108315781,-0.0330595108828796,1.56481982269902,0.0343021772426511,5.93983684460397e-06,388.619826274539,0.00459045243915435,-0.00134002065291239,0.0230260099881099,-0.00178500005441201
"",0.249975582484574,-0.0735860678266337,2.64590343376063,0.065773995108695,1.2611093128112e-05,580.359244638776,0.00992317451808944,-0.00309020667371707,0.0371579672570205,-0.00559436971836469
"",0.156694184803713,-0.00253228425954599,1.74190454875113,0.044738889273685,7.50132250759705e-06,414.790056778012,0.00675716055621722,-0.00129921198452343,0.0387204630314525,-0.00341508820118908
"",0.131618294094998,-0.0226675807183524,1.80378770093438,0.0461144141179065,9.80224397484353e-06,432.233539623966,0.00792277727075519,-0.000256881096394324,0.029618585319191,-0.00300889625880207
"",0.154772669231196,-0.0343720093702732,2.21989890743506,0.054033356938793,1.08901596351796e-05,521.810343938752,0.00851989086245175,-0.00298259116973676,0.0372898790691606,-0.00503872702960206
"",0.131186163509531,-0.0289911514850111,1.49547417858725,0.0358115932390934,5.88356995068207e-06,315.93040447523,0.00422114511672289,-0.00117897311568971,0.0269437871801143,-0.00216902458746726
"",0.183480444363268,-0.00926871117792882,2.00145312688849,0.046179006158012,9.38923877535913e-06,476.032086649736,0.00737481984502963,-0.00218320572734076,0.0295521903940499,-0.00341180136442798
"",0.121711560403748,0.00578548971473525,1.556162649498,0.0393537574164271,6.32150880253146e-06,404.367678540473,0.00567174600604736,-0.00090077422504331,0.0220311783192539,-0.00162409679230202
"",0.224067845443779,0.00957217835351187,1.88504924746774,0.0512822424503651,9.18399652161117e-06,444.959630535752,0.00606062293685705,-0.00113719709314564,0.0345694119922441,-0.00404100668775775
"",0.122735707714892,-0.00573422638807525,1.76036706255481,0.0309830552456605,5.6712577828355e-06,399.197821691184,0.00489914673729164,-0.00188392403278892,0.0168416864176277,-0.00155555310499961
"",0.19621051951052,-0.0736254804250547,2.69692118057846,0.0622976763280658,1.20469426795333e-05,626.711174363483,0.0129342842429131,-0.00349414371976497,0.0288527221706386,-0.00503860598967398
"",0.122437465857654,0.0245514684078588,2.01810535439777,0.0379235881933365,5.25405029205839e-06,484.172421406302,0.00878705958880233,-0.00231024393059637,0.0141649272021455,-0.00167668117845993
"",0.155940107993954,-0.0190485882055058,1.51229358154314,0.0417615047975523,6.83509261689697e-06,397.872900523426,0.00347822493987349,-0.000137061909613601,0.0321858235163702,-0.00259573323542484
"",0.0892017225677874,-0.0200820466621718,1.2469299630162,0.0287518500480116,4.7864887470217e-06,281.256601257405,0.00394876826338014,-0.00122067620874494,0.0217238679051796,-0.00104827950283409
"",0.131288078641663,-0.032342811919106,1.81582546710771,0.0359565631371725,6.14220227457274e-06,485.132799166981,0.00699657957729111,-0.00191779733222514,0.0182151496453745,-0.00186823963453653
"",0.157048788390526,0.0281926774031716,1.75636557811397,0.0406700479560207,8.74883850088271e-06,456.159117622774,0.00701722620362333,-0.00206119898871204,0.0243202115066815,-0.002703139487234
"",0.208447976863257,-0.0532167148548646,2.21969637240688,0.0548751212433168,1.04024140135106e-05,485.799314291601,0.00418729844360588,-0.0013985388142429,0.032692423611147,-0.00422179743428397
"",0.0578512322472191,0.0812449709899077,1.90523938698982,0.0453776136680739,9.95882068477449e-06,467.297375448097,0.007046472998401,-0.00218611614521969,0.0310904170375409,-0.00365984415619247
"",0.205179615946391,-0.0464029336351007,2.51061122193268,0.0590720976678949,1.04505129272514e-05,583.833974960988,0.0111747228736664,-0.00412336311773898,0.0308085140619113,-0.00447322947917661
"",0.123100272512139,-0.0229017516296254,1.58517144509393,0.0428693164457872,6.98208683924673e-06,389.334508151488,0.00806067781566888,-0.000598279565874882,0.0305049408017011,-0.00233944439607947
"",0.159612010486199,-0.0336136618399457,1.6775305983059,0.0420902175125859,9.13747175146362e-06,381.16803189907,0.0058089749339213,-0.0019669826959029,0.0259476379426277,-0.00141753266866274
"",0.107229961724652,-0.0276098972243274,1.48291643895838,0.0358182532766843,7.43742780556778e-06,383.998951299383,0.00620602520208513,-0.000688793817558986,0.0237412629890965,-0.00227156057441141
"",0.345755305052819,-0.0962568633422201,3.04770683785191,0.0938378424963637,1.95132816849242e-05,679.317972530816,0.0104807625505299,-0.00310526804331301,0.0752137544732523,-0.0116545303817106
"",0.106867330537767,-0.050669743136729,2.32287682110978,0.0413339274470959,8.38745968512189e-06,538.22829689151,0.00611099804468523,-0.00200928129198696,0.0180441126211642,-0.0026130067367347
"",0.100681440850528,-0.0118319895617003,2.40687563062389,0.0533872957535486,1.03424680764075e-05,607.898709436871,0.0100928424863339,-0.00309942277705588,0.0196118431655262,-0.00328117903695968
"",0.16714673500634,-0.0299030295918615,1.22491650435106,0.031642271816297,5.43888330900577e-06,272.388010031746,0.00645770986110877,-0.00119978478563265,0.0264585690593067,-0.00152616107698678
"",0.20621233948756,-0.0304995628988974,1.60764679132874,0.0441732630337144,1.06843759256625e-05,349.063125113958,0.00736542790684414,-0.00181767889395612,0.0308737543924242,-0.0027783547145166
"",0.131799915745107,-0.0196674543176678,1.82065964173754,0.044557486603633,7.44556391540918e-06,454.881093469358,0.010201879878366,-0.00238659362368498,0.0234113008641124,-0.00261778832230664
"",0.107153798984003,0.0103788247770714,1.98050477090375,0.0487143788862887,8.25724373598735e-06,438.095627418719,0.00984174254939352,-0.00324498894120617,0.0317935609564918,-0.00338674987283849
"",0.147388887188626,-0.0320688204853564,1.36973895676461,0.034707226659228,6.23352340578531e-06,288.429221116556,0.0046065371742815,-0.000953366887712637,0.0314425417636127,-0.00194443793605226
"",0.153272037289695,-0.0410050571320597,1.7456664724529,0.0370727136067978,7.71648173136796e-06,371.103308439762,0.00601885660007906,-0.00189321770505124,0.0262211369582432,-0.00229645096670728
"",0.178782771433766,-0.0259320467376895,1.58288240363408,0.0408389622603839,8.46706647850137e-06,354.614181371054,0.00617920890928769,-0.00156791564051573,0.0270589194582699,-0.00226843625940332
"",0.273592025497982,-0.00819674566839013,2.224084804403,0.0548384061405671,1.02670062035459e-05,521.325543343565,0.0120256454582274,-0.00286749684036414,0.0319028099699525,-0.00428719169924541
"",0.248536485820502,-0.0413529651632494,3.20081214242597,0.0743928421824136,1.30050469421272e-05,775.510254460605,0.0125535047353909,-0.00338333199204066,0.0282014089740268,-0.00555767411561381
"",0.142164879411447,-0.054863859821605,1.7253869403869,0.0385094740511654,6.78013131749644e-06,406.724974560075,0.00859550418014221,-0.0017933349958088,0.0292529852116558,-0.00250365475755465
"",0.151912263468279,-0.027351737440659,1.67692688757136,0.0438438670245234,8.35954654110349e-06,395.983122840403,0.00648868829482285,-0.0016719569357615,0.0263121972468583,-0.00241526144445503
"",0.24660685280592,-0.0542603631465133,1.93895089612608,0.0623853552682019,1.43942514574391e-05,422.753444139577,0.0136271213930506,-0.00328843666450029,0.033735384838196,-0.0049805634604605
"",0.423148236745247,0.0409107180447399,3.6159676420674,0.084626732791776,1.59771462171499e-05,845.478548872382,0.0132158148473949,-0.0039500468578535,0.0295858402720728,-0.00716211087203877
"",0.191766559108769,-0.0444895150657765,2.60435017826771,0.0690496335797597,1.35037841741958e-05,639.490725845228,0.00913520693804348,-0.00393491686734304,0.045225573580332,-0.00706715452636342
"",0.253360392939508,0.188432795169641,2.1422994676194,0.0513376935951521,8.9667572117369e-06,530.737315937013,0.00725251832131568,-0.00253299698270426,0.0277702650611777,-0.00430960144519321
"",0.201052653712216,0.0398054857087965,1.50909375997689,0.0418582409622559,8.65860000365259e-06,305.068315754946,0.0069628324964599,-0.00228506561046615,0.0334335419877596,-0.00289032038090775
"",0.268668347442491,-0.0643769142923412,3.21926299619049,0.0823380797253803,1.48488713824779e-05,703.781919338844,0.0130096030126758,-0.00371221837372482,0.0487782389544666,-0.00766023010950745
"",0.108071040741231,-0.011994598801579,1.61718264331345,0.0389888778141306,7.31166932554927e-06,403.540607178402,0.00897227140121692,-0.00277409745196022,0.0281904022610135,-0.00266660955995646
"",0.139393035954519,-0.0268553916536185,1.53290006292411,0.037078593724621,8.11606803985399e-06,348.778597953151,0.00755605530497472,-0.002090468005575,0.0255127269554456,-0.00218897873270618
"",0.30210696347846,-0.0641660183550996,2.73303167395281,0.0744270991145657,1.40740591958455e-05,685.643639473816,0.00549435419663902,-0.00113072300189643,0.0370456271670816,-0.00646906365514566
"",0.137964285025313,-0.0340186909799922,1.51766405208568,0.0391775806037331,8.27578777728988e-06,336.092166740222,0.00607164582315523,-0.00161024678785315,0.0308472829456258,-0.00240381279355273
"",0.146093520624641,-0.0265313946113399,1.22578272671053,0.0341788834911649,6.68589111851858e-06,282.157865519365,0.00648520078816439,-0.00160021881853711,0.0285099285822626,-0.00163326529277474
"",0.0633221025146818,-0.0246723226339299,2.02063847200763,0.0369000736331129,7.78806422130351e-06,524.366735624369,0.00355787071735364,-0.000830739879179032,0.0170328714444723,-0.00210037169952326
"",0.150688468631574,-0.0305243535314303,1.54883041278119,0.0377113011904712,7.01561503335668e-06,350.280426469106,0.00539751802570987,-0.00114482543367433,0.023801811721888,-0.00184010050148509
"",0.181055981129233,0.00136618569515634,1.86786695272412,0.0468646885084106,8.55550920386694e-06,437.644446173907,0.00862029450077184,-0.00156660382069629,0.0283665826297658,-0.00304707769298307
"",0.145728234967543,-0.036748661041322,1.77050671336415,0.0450498147140377,9.6918320174888e-06,411.539459010954,0.00408435729436218,-0.000845148775782678,0.0299155603161461,-0.00318876461520567
"",0.156945108078912,-0.058770727439969,2.19835587583302,0.0499715613290624,7.7110343527087e-06,544.176867690887,0.00890203768556808,-0.00213729676631913,0.0259175118291488,-0.00340451719940682
"",0.121531348811613,-0.0151484488992715,1.87669514699992,0.0446899790225996,7.93163311418876e-06,479.394728478585,0.00837197212777419,-0.00320412313643825,0.0318574077709244,-0.00354482247354182
"",0.326330371098221,0.0157992654465228,2.89632314577566,0.0660289435437944,1.38594496296163e-05,620.420159184888,0.00970611429687573,-0.00401916968668925,0.0387313976651371,-0.00620078484055153
"",0.225608699701493,0.100821075507768,2.28040588944262,0.0544679274154247,1.00089352222943e-05,504.663753503933,0.00812017957008138,-0.00255908366435242,0.0314371865971219,-0.00485023921593941
"",0.120857757627699,-0.0267354868409564,1.79102632361479,0.0414054696369487,8.94396226525096e-06,426.582038882534,0.00541787468866239,-0.00248441364369967,0.0250488967830642,-0.00258648318358923
"",0.130565834509155,0.0065896592304493,1.80512856547456,0.0452681387523718,8.60212996667276e-06,384.099041462082,0.00739732306796748,-0.00220792058396035,0.0270219965415874,-0.00262019573317451
"",0.126391774250743,-0.0298720692864657,1.42629019154285,0.0329258831135368,6.38664247876175e-06,350.556443263361,0.00508326502814821,-0.001217559479752,0.0230643205068048,-0.00150800994010158
"",0.269810510109325,-0.0828825919477472,3.57447011129888,0.0777306943291756,1.49786012482167e-05,870.376748450123,0.0145707767555681,-0.00349171007353599,0.0254701836180093,-0.00556387355057919
"",0.176717275176846,-0.0361817660535918,2.07728039690837,0.052125443382442,1.04001265099907e-05,475.820867323525,0.00927177554083114,-0.000326704889586082,0.0326683443083314,-0.00372915393309636
"",0.163103685199326,-0.0447316760835842,1.64333885840617,0.0394496666883126,7.44824131537758e-06,339.211841462083,0.00683587586443324,-0.00210003872284925,0.0211246808557303,-0.00155299873243198
"",0.193131492369256,-0.0330570456381074,1.88490534719951,0.0415917735465537,8.61753432501722e-06,407.818694978359,0.00885621958088278,-0.00236363535116579,0.0234474840705712,-0.00233966238162575
"",0.116703091519545,-0.00529668124785859,1.38412419058557,0.0308518540985611,4.95878019896034e-06,336.351929935642,0.00282951694356715,-0.000954869440288053,0.0217079953292662,-0.00150678743037619
"",0.0979244093382986,0.00113155670512788,1.48443957179559,0.038973805161116,7.46135522811109e-06,355.759464559931,0.006738844412435,-0.00148263746910238,0.028742791791242,-0.00218734606061144
"",0.153799382576175,0.0363472863292857,1.42350222499575,0.0340346660999274,7.02989164103052e-06,312.752259941274,0.00543564455880718,-0.00136654313512286,0.0227016321902862,-0.00149062824375545
"",0.247300402453479,0.00263398584937624,1.46652228766467,0.0469140914422655,1.10084371063301e-05,341.32997990421,0.00977372322435999,-0.00164325558704714,0.0324474756864118,-0.00319235329709899
"",0.134359304758747,-0.0286552708821802,1.56914889172269,0.0380432716206441,7.25949565738571e-06,372.109656451128,0.00637232836230017,-0.00235708453640016,0.0242935885605144,-0.00221847151457566
"",0.219250782010155,-0.0375235047199995,1.92102660987298,0.0449554371056288,9.42738563602941e-06,433.418947306067,0.00832666902479684,-0.00213317512136324,0.0275078516326216,-0.00312205092810325
"",0.193651116295962,0.0083069709364697,1.82208121289699,0.0458456728247431,9.9648736762159e-06,434.671305239912,0.0060175701021431,-0.00149024012165155,0.0251872183140156,-0.00286933704946035
"",0.190869867702476,-0.0722824652255316,2.30502567000279,0.0584156004326958,9.73655456260047e-06,528.668196604685,0.00876588526896316,-0.00258037036740544,0.0311657408854638,-0.00479099404901429
"",0.155734251766723,-0.0407471563354522,1.69594118727508,0.0414611757470484,8.8413103782603e-06,354.922423737859,0.00644991604079048,-0.00206603696473184,0.0305599955414543,-0.00277417725906559
"",0.26663074249092,0.00690254760370157,2.47626735166064,0.0618170890083342,1.21023700366818e-05,572.152632947203,0.00315450881646639,-0.000429878141541828,0.0265450579378379,0.00655433405175043
"",0.246824753262653,-0.0410765836507954,1.95394810747482,0.0600142984948926,1.40375777668567e-05,437.82806638871,0.00709104899798696,-0.00130944262866084,0.0437808227399805,-0.00493362025763555
"",0.239277790035936,0.0539712616857563,2.81773705305516,0.0626641292414271,9.98053593936898e-06,604.947629334931,0.0160416353605364,-0.00365820315062493,0.0266422513497122,-0.00450656914170733
"",0.161443199704382,-0.00186243864878921,1.93851695081221,0.036927347016269,6.39550491038365e-06,417.908574313403,0.00651358863960894,-0.00255319222711853,0.023336253188587,-0.00251332465332765
"",0.149380773189073,-0.0284142783448516,1.88478606484251,0.0405191136777228,8.90104366602085e-06,431.916190135035,0.00536618671299893,-0.00150223805164829,0.0236089038526954,-0.00277967956399672
"",0.155177866209687,-0.0315947022945379,1.57573835942167,0.0367490316428784,7.55342140917881e-06,359.391512348692,0.00647675439962442,-0.00196033385434918,0.0271801939981733,-0.00227951639623913
"",0.116780099421829,-0.0324958776751622,1.51119430224964,0.0313019682989316,5.52406302645192e-06,333.797463856018,0.00500604219284134,-0.00135161606748535,0.0216252065303249,-0.00150426409038784
"",0.114409659187797,-0.0305833228286811,1.45236635403209,0.0364017013639445,7.24922143147122e-06,348.621028458868,0.00507561986765048,-0.0011768599085249,0.0266158769285374,-0.00223046371890245
"",0.267069217084179,-0.0424341484886737,2.0804756781458,0.0616872452838951,1.36250367099855e-05,472.776431524881,0.013299040616005,-0.00291360345826275,0.0347946970147561,-0.00488261871621487
"",0.131139727483298,-0.0346661999871545,1.50461841457898,0.036690450016752,7.89461301886618e-06,323.988744672906,0.00663569919592821,-0.00155983908793622,0.0284977344503778,-0.00228704665884705
"",0.123123390209909,-0.0211857300145696,2.11602175329997,0.0474026145556444,9.11737689512915e-06,625.373857350391,0.00898209478292222,-0.00207843096537708,0.0209549141831911,-0.00296637176673553
"",0.281052496632295,-0.0528165264273572,2.16968440118315,0.0617702258846886,1.39554670597342e-05,433.320768178693,0.00699353408301073,-0.00210640249176386,0.0445014015338918,-0.00595871539188497
"",0.118710034575378,-0.0431401655446029,1.98985892989432,0.0372648485963203,5.91987255743609e-06,444.075269111569,0.00738603103414559,-0.00228967109040801,0.0226667217879464,-0.00211394137648174
"",0.129749843186269,-0.0333856425990403,1.71327831644166,0.0422479934159004,8.07544084380218e-06,437.788118277883,0.00649356346606178,-0.00256189376129923,0.0292401311033363,-0.00296003928249022
"",0.173241370555882,-0.00412175114283819,1.43274969144455,0.0362256289489216,6.810845290528e-06,327.576265753719,0.00627854345729151,-0.00114556542619992,0.026355916472931,-0.00209936171345626
"",0.160885424480423,-0.0395435277305012,1.95059309891277,0.0479439968718853,9.28614678208373e-06,496.857817838552,0.00779870353782852,-0.00152269329120602,0.0242977334029559,-0.00311212321892074
"",0.239335609989649,-0.00953948060286591,2.59651280438884,0.0592484445647995,1.10974349293302e-05,605.874697771215,0.0118384090102841,-0.00280828318983961,0.0251525662620933,-0.00435894952185989
"",0.219639124379875,0.00842082299566671,2.33475236952692,0.0575834994818725,1.15809848932891e-05,527.169636235357,0.0104534302102777,-0.00421751737796072,0.0296331376226783,-0.00431945872107764
"",0.245521036744051,-0.0636592343983278,2.82564206923988,0.0584143903143985,1.07859143838596e-05,654.778534719151,0.0147125428935219,-0.00265077448055595,0.0248368922553671,-0.00440858427695756
"",0.143285387580475,-0.0374451380334984,1.45266361533374,0.0370576227608499,7.66855344502826e-06,307.796604031033,0.00334534839041556,-0.000461629025838572,0.0324567278709026,-0.00236248048890442
"",0.131703373625502,-0.0386924236940034,1.89906228948507,0.0431337719251912,8.36617854160782e-06,450.495191619227,0.00934732668361749,-0.00213391266229435,0.029375167555093,-0.00288833256432974
"",0.191068000220868,-0.071287530402947,2.15745954560771,0.0578360299541419,9.88205342555837e-06,473.267457730939,0.00757257160746705,-0.00247658134235051,0.0404424762239508,-0.00440245809114892
"",0.109682630499146,-0.0314113643162875,1.77656867152425,0.0383360385142473,7.28220566487137e-06,410.058557688075,0.00709864969244273,-0.0020852523027956,0.0224471414200789,-0.0020389150945585
"",0.153121211055526,-0.0597188740284194,2.11132325757149,0.0482585471537622,1.06076745165495e-05,451.868067387028,0.00923901339866529,-0.00317632529489575,0.0300172398461085,-0.00369342894752933
"",0.116534401584906,0.0114485180164187,1.92413759922866,0.0499631120124272,1.04643120835135e-05,483.813788913007,0.00699897747923062,-0.00235170991197409,0.0213263548272252,-0.00159810421934692
"",0.185801564667409,-0.0583465192100785,2.81232524169581,0.0578780154561892,1.11391241508496e-05,617.834956202995,0.0102961894201531,-0.00253565005747802,0.032632633853974,-0.00458832936903186
"",0.135177404466835,-0.0282357578428455,1.35417458418251,0.0335999300007661,5.70257474574731e-06,298.63729434917,0.00557019949608273,-0.00158756980726815,0.0276747017642909,-0.00177305622052482
"",0.18535152493053,-0.0285041919650397,1.58792471223036,0.0457672084248212,1.04037990167338e-05,376.960029459385,0.00787630396703598,-0.00165395877214924,0.0319167478374793,-0.00306979139465258
"",0.133906885505339,-0.0537401843628549,2.66862708058858,0.0495354415224747,8.66810995203693e-06,666.279293736273,0.00658211484413918,-0.00270346440707503,0.0181463228334927,-0.00316623656408666
"",0.135265179150593,-0.0308595260926359,1.87633285876412,0.0448932832089605,9.26061857753346e-06,455.751054864431,0.00764753739249113,-0.00166851337822516,0.0234857814474937,-0.00296766330025455
"",0.158920007250513,-0.0142880562413045,1.42440260140343,0.0369607613210088,6.46515650737367e-06,302.465268618454,0.00529045787019122,-0.00163681043509334,0.0279613142136204,-0.0021494914258513
"",0.185543494650262,-0.0433792720564152,1.83546332701424,0.0495851408302828,8.91688357873566e-06,420.819644235725,0.00577077331206932,-0.00200561388441489,0.0325880349232449,-0.00335622703299954
"",0.150012696770299,-0.0430714128989429,1.70025273268005,0.0423063027049364,9.166372466618e-06,378.623251587577,0.00627553162628469,-0.00194001284703482,0.0284386717357282,-0.00265664180276737
"",0.128300461728868,-0.193434935488838,1.72014688591111,0.0335271683908761,6.63082175972329e-06,383.301544518511,0.00653194488636072,-0.00228749305763998,0.0230261518564673,-0.0022330142957841
"",0.162722696152029,-0.0409975921468464,2.21725491022437,0.0513300121561255,1.2130324661408e-05,540.476830633693,0.00828610420663956,-0.0027816163940958,0.0305491958976778,-0.00383855714893022
"",0.137609968439451,0.0107091940005355,1.39854889345356,0.0355982410312483,5.43046720091755e-06,336.52514462974,0.00676969623814028,-0.00155065050853886,0.0263802666867208,-0.00183963182992519
"",0.138946537624092,-0.0301614919206786,1.53077701136037,0.0342673312735617,7.79069692091738e-06,338.086790051374,0.0054161826137239,-0.00238468419986454,0.0227505051467458,-0.00170239594420724
"",0.220384139168653,-0.0717339460343525,2.67622537854889,0.0616543479277781,1.15704025249741e-05,619.268427074102,0.00818941295346876,-0.000333752066219994,0.0246890864243621,-0.00473180646722027
"",0.136227179824921,-0.0509263919241804,2.11715783775097,0.0519296623666676,9.60115571768672e-06,519.849338299236,0.00944596514951268,-0.00290846337885897,0.0359664952166577,-0.00395726412601161
"",0.321503302765147,-0.0809565027058146,3.35562863572661,0.0827970675795209,1.53245601208774e-05,764.389820400297,0.011169684694029,-0.00362818485086236,0.0365866457467667,-0.00740021256459555
"",0.248857274712355,-0.0450087598037746,1.79962279327962,0.0510776507819527,1.24920192662303e-05,415.813152802425,0.00453641921965842,-0.000455128077059275,0.0313319848714994,-0.00348629600029071
"",0.167983135668195,-0.0431259770581616,1.93918266260931,0.0474232263021346,9.06317570992243e-06,436.936004677151,0.00770313164161207,-0.00204849222890102,0.0312264348584224,-0.00330263527813235
"",0.179517507131861,-0.0248988512056431,1.59049442986946,0.0352733264529018,6.59183405776753e-06,320.513021842728,0.00493408076729374,-0.00103584846784799,0.0274947352025892,-0.00210384315901119
"",0.252360451621678,-0.0105581711544872,2.20122805242764,0.0535436525848088,1.17267468374704e-05,490.544507083614,0.00910445266315285,-0.00251614806744127,0.0339945505702793,-0.00387049948018248
"",0.105510948865503,-0.0304240056655802,1.55195551834991,0.0328218288985979,5.91392548127123e-06,355.60705277404,0.00384871316936458,-0.000940576258261216,0.0208077944769958,-0.00144668620927213
"",0.139175394763623,-0.0279872615633336,1.41558948839835,0.033683691290344,7.54784888062909e-06,299.923412884242,0.00535227892883156,-0.0017353468573858,0.0274798965730488,-0.00195153710253609
"",0.205678271211443,-0.0335090228909679,1.72573688701991,0.0416044302875979,7.45589563699856e-06,380.351542779353,0.00883622829729591,-0.00200461333701996,0.0267993604978756,-0.00256218051236656
"",0.17532392598224,-0.0542690794232414,2.18237342188057,0.0548608392252486,1.01147980685612e-05,509.094145691883,0.0126718185388119,-0.00309796884280511,0.0316524451678263,-0.00435934055652287
"",0.131235273181388,-0.0295535630828805,1.41054759524864,0.034202600807734,6.95126136512902e-06,312.369024223613,0.00408732305140491,-0.00115493159047464,0.0279443351156872,-0.00178672708713024
"",0.163467490684063,-0.0441789352769451,2.16483980167488,0.0480479831314745,9.09610418931006e-06,463.567212618226,0.00791233229262278,-0.00313669291944485,0.0255603031426993,-0.00308148389567553
"",0.171459630194021,-0.0636789789959374,2.86307251254916,0.063967441278609,1.22050562295639e-05,637.491035927791,0.01014385331434,-0.00408979009883237,0.0262123239358619,-0.00383639553074022
"",0.240009673642863,0.0127569128753335,1.6258235849389,0.0508098143754826,1.13125381562273e-05,369.607788170119,0.00672315803618151,-0.00164159127512276,0.0384310753236278,-0.00385787526868686
"",0.222833692745367,-0.0520676784977053,2.35983097610543,0.05419517253763,1.03243575633183e-05,509.075996234734,0.0116503592238609,-0.0027653259535021,0.0288327477680345,-0.00398562127157387
"",0.20061440289304,-0.0276986098528276,1.20416981315799,0.0397260309158709,9.47264136574866e-06,237.182000964082,0.0113402747442953,-0.00450212841114628,0.029410564349408,-0.00231555376423165
"",0.183991137503267,-0.0509467699844612,2.26518003950381,0.0536660516749082,9.34851142331272e-06,536.591855667626,0.00910207249983641,-0.00276392916627455,0.030952953536334,-0.00392938119789243
"",0.192791638686338,-0.0283072288590064,1.93023955110619,0.0428163161809714,9.17408118916718e-06,412.519164915728,0.00811180325993588,-0.00232646012189586,0.0285918862583667,-0.00285628531704329
"",0.208928748027998,-0.0535919384462291,2.39996794846607,0.063329294090364,1.19538644677286e-05,596.567370571983,0.0118444067665896,-0.00293797289951936,0.0431297531977015,-0.00541620405758447
"",0.137801765476453,-0.0337306361545553,2.03365506641519,0.0454617930977369,8.93027474191399e-06,513.604548455249,0.008531582177701,-0.00231157158239736,0.0269738557982513,-0.00282438625527626
"",0.207577662590053,-0.0133217381259876,1.30242873313489,0.0410433458999798,9.30115293118483e-06,283.479861687782,0.00405204140563331,-0.000318160282647417,0.0370230604289506,-0.00271957166712855
"",0.117875576119308,0.00820762613007453,2.05562549449106,0.0422482603542051,7.16604502126739e-06,461.052966746056,0.00759549780839086,-0.0025942870211515,0.0234689722369286,-0.00268729494554143
"",0.209915493250196,-0.017051132773796,2.4222726569024,0.0645005071831101,1.39222844919296e-05,557.846125667031,0.00598234525972519,-0.00153720653425782,0.0308103757147571,-0.00480773940371437
"",0.190503616851093,-0.0147958640075441,1.96045512573087,0.0479704975777373,8.08598371593305e-06,451.705150907593,0.00818361019000458,-0.00283152245228457,0.0332456414617321,-0.00351032726753076
"",0.201746018133012,-0.0329286500552611,2.2601301810119,0.0477220704457049,1.01772058280769e-05,494.981241618413,0.0102582037633248,-0.00248288059269408,0.0285611345472031,-0.00363344916796959
"",0.331361082848175,-0.0787588056670452,3.19009846372867,0.0805121956730936,1.70223758422239e-05,726.583887777076,0.0103653307678142,-0.00319407925281068,0.0293975080422337,-0.00608224483308883
"",0.134786102211557,-0.0209265976060524,1.72225895952212,0.0439510814293637,8.82244949318434e-06,418.666588658231,0.00663769467738884,-0.00209290585490018,0.0306211332466721,-0.00297270158876317
"",0.147739144214121,-0.0515500289293702,1.93620582551789,0.0439872217901788,8.73647974797276e-06,412.602008348899,0.00799404004851734,-0.00131819788570797,0.0265975353588577,-0.00316306711749259
"",0.190040070779898,-0.0364647225836179,2.01935625487643,0.0455988138431257,8.27878800235826e-06,448.232976827377,0.00690160415840746,-0.00247577479692285,0.023687173029141,-0.00283994835031942
"",0.219635085665873,-0.0391813639447625,2.73645269152671,0.0592793536685066,1.1766108587441e-05,633.856144477759,0.00973337483727021,-0.00348966559737818,0.0256300298374368,-0.00439238816622722
"",0.154424047548063,-0.0340935857291308,1.81236833094986,0.0412596403833593,7.84277034981962e-06,398.215337349275,0.00874752490688524,-0.00271475073024274,0.0239275842595088,-0.00242070718754761
"",0.136569609182527,-0.0310443840410429,1.73094261799756,0.0431370986831991,8.40725922213181e-06,435.717115945552,0.00806009973254584,-0.00242769891191374,0.0299057200547348,-0.0031564923324845
"",0.190628740609253,-0.0408758228325062,2.15378269660978,0.0483705622990882,1.01511369032803e-05,473.472412177361,0.00621668819768273,-0.000961880804062343,0.0225496252225232,-0.00278218773175354
"",0.149705131197345,-0.0237468196715857,1.3661445503112,0.0350200257402677,5.90621998530771e-06,319.797503693851,0.00902032056586399,-0.00157448703029528,0.0248682828357799,-0.00174291157743756
"",0.164464335862632,-0.0243613991645492,1.68404772019988,0.0505549686120182,1.15688770369049e-05,395.118746949623,0.00826473257999061,-0.00280640179455005,0.0336836398697193,-0.00378245212734329
"",0.130716719569976,-0.0275183431720227,1.65753550518688,0.0414269201438472,7.01873990871515e-06,400.383925374188,0.00500431892301589,-0.00156543033397183,0.0289175167852568,-0.00265554300157844
"",0.148624535859398,-0.0427977257515533,1.61906056264549,0.0405185229225696,7.55065482360706e-06,370.806106636386,0.00762129430323388,-0.000669887282228609,0.0291089359351349,-0.00244031248211596
"",0.10856708144967,-0.0295472193185958,1.65473713264386,0.0419778443405266,6.66478916500068e-06,390.562142656857,0.00608675809558867,-0.00186827417393565,0.0281191066642539,-0.00253826491232456
"",0.139911241923779,-0.0272497590050463,1.76963643950487,0.0393744925802353,8.76920611125875e-06,391.335182206487,0.00761645934528599,-0.00225471056340687,0.0212322857374159,-0.00210470023077891
"",0.142525394591836,-0.0373830907082623,1.4974832984736,0.0366547889241314,7.01860869423143e-06,322.194310023184,0.00905389692236469,-0.00282966777379046,0.0250679074017407,-0.00193397037792642
"",0.213141011697948,-0.0696452814237525,2.61039743482111,0.0647953354205033,1.4372449980149e-05,618.412725497193,0.010195541214203,-0.00311705892830361,0.0285418053887071,-0.00468978681228416
"",0.220763277008956,-0.0505855810623568,1.57658788844783,0.0450383472924698,1.02344304697688e-05,333.360086984336,0.00769824557093901,-0.00195114960489795,0.0368550460736611,-0.00253738652904179
"",0.164008451999001,-0.0284648632315476,2.19123257222523,0.0527984227559203,1.11844577210807e-05,551.1199501618,0.00342387277627032,-0.000457479506374425,0.0251739824993352,-0.00397548023754746
"",0.142793825195178,-0.0248059808408141,1.77065760108908,0.0472435532248988,7.57648592475402e-06,452.982355970575,0.00706274915179828,-0.00271533396606349,0.0295651274384578,-0.00353702507691067
"",0.160998056921297,-0.0428328750410323,1.82337268813003,0.0434343977737117,9.46466964524273e-06,414.628048513998,0.00576232494305107,-0.00135162419986901,0.0226828704794624,-0.00223725943934716
"",0.133327454623619,-0.0282666427127848,1.37932558790302,0.0374177900163281,7.63330698649867e-06,303.798038009749,0.00341185157884394,-0.00125858499833154,0.0266755687572534,-0.00179619094910211
"",0.240774553171522,-0.0373558447899769,1.66897094088668,0.0509186580492232,1.20533145131496e-05,355.37348476641,0.00677688395592235,-0.00170851456654519,0.0369324351647132,-0.00383054847054309
"",0.277422504969108,-0.0456225058839549,2.12270555941101,0.0545849224819067,9.62139726223832e-06,475.059643477063,0.00626715004901912,-0.00186950131024488,0.03350227323759,-0.00508001437835026
"",0.12765476305196,-0.0217089757911654,1.39095825906554,0.0356179792269928,6.60872948032853e-06,342.282122000828,0.00298771083062643,-0.000865921762405186,0.0317438441337081,-0.0011564672478398
"",0.183070866644153,-0.0438865339771333,1.80420378801413,0.0481652690853818,9.47334796719268e-06,425.424217721824,0.00505513256475465,-0.00183863713225374,0.0344287707097907,-0.00338993745842286
"",0.204716010754558,-0.0393596794164008,1.98296364277185,0.0454392268628701,1.09616723753536e-05,414.717437173065,0.00865215096906846,-0.00328954903490442,0.0277659169030109,-0.00349030476001766
"",0.183259598849114,-0.0195648493812872,1.64078456486808,0.0410357151503921,8.28283090725801e-06,392.956372322895,0.00582594260394032,-0.00138012582234781,0.0284183246022501,-0.00268919454243788
"",0.245931450279166,-0.0265622134429933,1.71056344363106,0.046654963997611,1.20755888483037e-05,363.944684224377,0.00956578314854906,-0.00172621219141078,0.0355445080280348,-0.00349252719002158
"",0.228486756672253,-0.0211384230366374,1.97018906821791,0.0606698393291749,1.49064977306157e-05,437.566284363623,0.0101208425276611,-0.0022906263799638,0.0446104381710832,-0.00560499053825492
"",0.373636528503335,0.0132611623742396,3.81213296877997,0.0808508183262335,1.68671784039898e-05,923.078640268448,0.0131654177712992,-0.00258066375244392,0.0266445791543835,-0.00642708795273172
"",0.0999636675189514,-0.0115523588679334,1.51199954465378,0.036407701849081,7.05417657620444e-06,357.143204329272,0.00208129777029553,-4.82889696007405e-05,0.0251774039336516,-0.00180723625411994
"",0.185101468765714,-0.0261674786064536,1.51076942539591,0.0373374742740212,6.80332096214542e-06,325.994100526642,0.00755241660102546,-0.00172501417800008,0.0292181038581973,-0.00222807905013445
"",0.161366063343368,-0.0461232403808631,1.94960660618076,0.0431005977044596,7.41143237059649e-06,431.576884913629,0.00585401011998776,-0.00155967776999111,0.0275693485410622,-0.0028616614381749
"",0.146069444293684,-0.0271075697401563,1.63637844779095,0.0354331437644947,8.17568284600112e-06,346.77737357626,0.0071974855618967,-0.00177516786851323,0.0231422607877493,-0.00181661147148626
"",0.144976150538254,-0.0397223521961532,1.74716176560943,0.0462648058043164,8.56604202847944e-06,422.857097737681,0.00679770209202624,-0.00143282548026313,0.0306084585038058,-0.00319324062221515
"",0.121786105018742,-0.0320672202133998,1.46420031561807,0.0315538922826472,6.61538585022825e-06,322.860649930248,0.00807816104523434,-0.0015037636530435,0.0183008145868691,-0.00137153658992528
"",0.103701480968207,0.00203605826440412,2.56955156812666,0.0595456450309395,1.17822146900037e-05,703.144792394978,0.0111708725912124,-0.00332771485560268,0.0331798584508047,-0.00598232398286991
"",0.0832861464275317,-0.150351150800837,1.31917148624962,0.0288553599121083,5.24587225742001e-06,324.159199865151,0.00378015149557487,-0.000862737703957728,0.0225768852024563,-0.00134792202870215
"",0.257891016524528,-0.0521669763390437,2.30764001833664,0.057905451735632,1.1644169156666e-05,527.611930841363,0.00824237940215411,-0.00255610084573532,0.0338816791677077,-0.00472267255118008
"",0.00102953602844347,-0.0652321592166383,1.7776065687021,0.0426180492482803,9.27423694785379e-06,363.929580472301,0.00705040365368836,-0.00142440255924969,0.0220501734868733,-0.00240086992715771
"",0.133990187372326,-0.0182821341452727,1.56418340739255,0.0357030536592279,7.1775345250602e-06,332.108450868047,0.00497406587511573,-0.00168237936486182,0.0270701166215082,-0.00246228510321356
"",0.154994991282048,-0.046992410897978,1.86494913429315,0.0451838799934712,8.76134068072965e-06,413.787993864459,0.00890022567723303,-0.00284070084438648,0.0295942097118529,-0.00315405565473603
"",0.110388989762067,-0.0178229565577226,2.10982603269956,0.0469768150238581,9.25995696787751e-06,580.499196594509,0.00673608445224405,-0.00125422760927085,0.0283084208608786,-0.00335275603659257
"",0.239865461478167,0.0566504045955707,2.05108818786098,0.0501904573647766,9.72814372113273e-06,490.852256180874,0.0104895085698276,-0.00208440125328002,0.0275677941624225,-0.00368218069438098
"",0.193434460366806,-0.0443826737760999,2.09067570396626,0.0544983661139448,9.14536023299828e-06,473.377691613962,0.0104228487302627,-0.00242548060080949,0.0353482254351195,-0.00443361467485082
"",0.239947839460158,-0.00416446303574958,1.72037738253293,0.0549746194894035,1.12035421356849e-05,406.614521469039,0.0068754118963954,-0.00153799583421654,0.0440971327144157,-0.00481575301398973
