site,transect,GIS_id,demog_id,window,max.ht,max.w,perp.w,max.ht.dead,max.w.dea,perp.w.dead,notes,outwindow
FPS,1,,1-0-1,0,49,54,27,48,85,68,,
FPS,1,,1-0-2,0,95,180,123,87,187,165,,
FPS,1,,1-0-4,0,38,51,21,74,102,91,,
FPS,1,,1-0-6,0,37,33,19,41,58,43,,
FPS,1,,1-0-8,0,57,56,36,75,115,117,,
FPS,1,,1-0-10,0,62,32,16,74,114,83,,
FPS,1,1_1,,5,72,96,87,71,130,135,,
FPS,1,1_2,,5,41,35,29,49,62,53,,
FPS,1,1_3,,,64,78,69,88,156,125,> 1m from transect,5
FPS,1,1_4,,,69,26,42,121,159,147,> 1m from transect,5
FPS,1,1_5,,,43,42,29,66,79,82,> 1m from transect,0
FPS,1,1_6,,,43,36,22,74,85,83,> 1m from transect,0
FPS,1,1_7,,,62,45,42,52,103,83,> 1m from transect,5
FPS,1,1_8,,,34,41,27,39,88,74,> 1m from transect,5
FPS,1,1_9,,,40,29,36,53,83,97,> 1m from transect,5
FPS,1,1_10,,,23,33,21,42,95,90,> 1m from transect,5
FPS,1,1_11,,,69,76,45,66,82,69,> 1m from transect,5
FPS,1,1_12,,,35,33,31,59,77,50,> 1m from transect,15
FPS,1,1_13,,,19,28,19,35,36,42,> 1m from transect,10
FPS,1,1_14,,5,24,43,27,36,63,62,,
FPS,1,1_15,,5,51,39,23,46,82,83,very close to the 1m line - possibly out,
FPS,1,1_16,,10,35,33,17,41,70,72,,
FPS,1,1_17,,10,62,72,34,68,102,101,,
FPS,1,1_18,,10,28,41,37,56,90,88,,
FPS,1,1_19,,,42,36,36,49,86,87,> 1m from transect,10
FPS,1,1_20,,,47,59,60,57,111,98,> 1m from transect,10
FPS,1,1_21,,,49,57,46,57,146,97,> 1m from transect,10
FPS,1,1_22,,,39,36,29,54,83,61,> 1m from transect,10
FPS,1,1_23,,,34,39,32,37,55,62,> 1m from transect,10
FPS,1,1_24,,,24,26,26,38,53,57,"> 1m from transect, very close to the 10m window, 15 m window transition",15
FPS,1,1_25,,,14,15,21,17,24,20,> 1m from transect,15
FPS,1,1_26,,,15,14,15,33,40,32,> 1m from transect,10
FPS,1,1_27,,,24,23,23,27,61,61,> 1m from transect,15
FPS,1,1_28,,,22,14,13,28,34,35,> 1m from transect,10
FPS,1,1_29,,10,34,42,33,57,100,100,,
FPS,1,1_30,,,14,27,19,28,40,29,> 1m from transect,15
FPS,1,1_31,,,46,38,29,39,78,60,> 1m from transect,15
FPS,1,1_32,,,22,23,27,33,43,42,> 1m from transect,15
FPS,1,1_33,,,56,58,34,55,89,78,> 1m from transect,15
FPS,1,1_34,,,83,98,70,87,114,110,> 1m from transect,15
FPS,1,1_35,,15,47,65,61,90,178,149,,
FPS,1,1_36,,15,85,96,59,94,138,127,,
FPS,1,1_38,,15,71,83,65,74,173,111,isn't showing up on map as a point,
FPS,1,1_39,,15,51,59,42,55,81,99,,
FPS,1,1_40,,,15,28,19,29,41,43,> 1m from transect,15
FPS,1,1_41,,,31,59,53,38,86,90,> 1m from transect,15
FPS,1,1_42,,,42,52,35,60,102,89,> 1m from transect,20
FPS,1,1_43,,,57,40,42,39,69,48,> 1m from transect,20
FPS,1,1_44,,,40,33,19,60,74,40,> 1m from transect,20
FPS,1,1_45,,,52,48,24,77,87,84,> 1m from transect,20
FPS,1,1_46,,,29,37,35,43,100,48,> 1m from transect,20
FPS,1,1_47,,,30,36,27,44,94,81,> 1m from transect,20
FPS,1,1_48,,,21,31,28,40,66,72,> 1m from transect,20
FPS,1,1_49,,,42,28,22,37,40,32,> 1m from transect,20
FPS,1,1_50,,,19,22,13,30,34,37,> 1m from transect,20
FPS,1,1_51,,20,18,6,5,33,31,24,,
FPS,1,1_52,,20,62,48,50,60,102,116,,
FPS,1,1_53,,,43,42,36,29,50,80,> 1m from transect,20
FPS,1,1_54,,,46,29,23,55,50,69,> 1m from transect,20
FPS,1,1_55,,,53,39,30,51,55,57,> 1m from transect,25
FPS,1,1_56,,,35,36,27,42,83,68,> 1m from transect,25
FPS,1,1_57,,,44,32,24,33,75,83,> 1m from transect,25
FPS,1,1_58,,,23,27,21,33,91,39,> 1m from transect,25
FPS,1,1_59,,,32,26,30,34,27,62,> 1m from transect,25
FPS,1,1_60,,,36,28,34,31,43,58,> 1m from transect,25
FPS,1,1_61,,,44,39,53,52,79,72,> 1m from transect,25
FPS,1,1_62,,,59,49,57,70,79,84,> 1m from transect,25
FPS,1,1_63,,,45,19,29,51,64,68,> 1m from transect,20
FPS,1,1_64,,,31,31,37,31,71,63,> 1m from transect,20
FPS,1,1_65,,,20,14,15,51,81,73,> 1m from transect,20
FPS,1,1_66,,,29,27,23,33,49,29,> 1m from transect,25
FPS,1,1_67,,,21,13,9,39,44,31,> 1m from transect,25
FPS,1,1_68,,,49,17,25,38,74,38,> 1m from transect,25
FPS,1,1_69,,,68,36,21,81,95,81,> 1m from transect,25
FPS,1,1_70,,,76,69,49,77,94,101,> 1m from transect,25
FPS,1,1_71,,,72,67,71,73,82,45,> 1m from transect,25
FPS,1,1_72,,,68,54,60,74,103,104,> 1m from transect,25
FPS,1,1_73,,,44,38,34,52,95,82,> 1m from transect,25
FPS,1,1_74,,,61,61,46,77,102,75,> 1m from transect,25
FPS,1,1_75,,,36,37,19,52,82,62,> 1m from transect,25
FPS,1,1_76,,,25,41,27,53,89,59,> 1m from transect,25
FPS,1,1_77,,,59,34,36,38,60,37,> 1m from transect,25
FPS,1,1_78,,,32,25,24,41,85,42,> 1m from transect,25
FPS,1,1_79,,,89,53,49,78,104,111,> 1m from transect,25
FPS,1,1_80,,,36,28,18,27,43,31,> 1m from transect,25
FPS,1,1_81,,,29,19,25,54,61,47,> 1m from transect,25
FPS,1,1_82,,,62,26,40,37,66,58,"> 1m from transect, but very close to 1 m line, could be in?",25
FPS,1,1_83,,,49,37,25,38,65,42,> 1m from transect,25
FPS,1,1_84,,25,60,36,23,44,63,54,,
FPS,1,1_85,,25,56,50,34,69,63,63,,
FPS,1,1_86,,25,53,33,38,66,77,61,,
FPS,1,1_87,,30,49,50,38,43,59,54,,
FPS,1,1_88,,,62,75,80,39,110,105,> 1m from transect,30
FPS,1,1_89,,30,36,46,36,65,102,96,,
FPS,1,1_90,,30,63,52,32,64,152,121,"> 1m from transect, but very close to 1 m line, could be in?",
FPS,1,1_91,,30,28,26,17,47,61,40,,
FPS,1,1_92,,35,43,27,23,57,98,54,,
FPS,1,1_93,,,27,21,13,26,34,34,> 1 m from transect,30
FPS,1,1_94,,,52,66,32,60,132,147,> 1 m from transect,30
FPS,1,1_95,,,15,18,19,16,29,24,> 1 m from transect,30
FPS,1,1_96,,,64,51,45,62,95,57,> 1 m from transect,30
FPS,1,1_97,,,62,36,25,79,101,48,> 1m from transect,30
FPS,1,,,35,62,32,26,46,72,50,,
FPS,1,,,35,26,41,40,36,52,56,,
FPS,1,,,35,68,70,57,67,105,69,,
FPS,1,,,35,39,35,39,43,85,68,,
FPS,1,,,35,61,51,50,63,102,80,,
FPS,1,,,35,34,60,44,48,98,91,,
FPS,1,,,35,13,15,19,0,0,0,,
FPS,1,,,35,55,59,66,79,141,123,,
FPS,1,,,40,50,47,70,75,99,107,,
FPS,1,,,40,56,56,49,58,109,110,,
FPS,1,,,45,50,49,40,80,105,110,,
FPS,1,,,45,56,87,57,102,144,143,,
FPS,1,,1_50_1,50,139,200,93,139,256,205,,
FPS,1,,1_50_2,50,17,38,30,36,46,42,,
FPS,1,,1_50_4,55,38,44,43,74,127,105,,
FPS,1,,,60,88,96,87,89,154,137,,
FPS,1,,,70,83,132,107,94,173,160,,
FPS,1,,,75,76,89,100,129,226,240,,
FPS,1,,,80,121,141,87,164,237,318,,
FPS,1,,,95,119,229,128,134,244,270,,
FPS,1,,1_100_1,105,79,79,73,79,125,119,,
FPS,1,,1_100_2,105,135,117,114,135,155,144,,
FPS,1,,,110,197,154,138,105,146,120,,
FPS,1,,,120,53,70,70,38,83,59,,
FPS,1,,,125,71,105,85,59,113,130,,
FPS,1,,,140,140,245,265,118,181,214,,
FPS,1,,1_150_1,145,67,130,94,99,195,141,,
FPS,1,,1_150_2,150,184,92,87,99,179,170,,
FPS,1,,,160,83,149,99,103,189,190,,
FPS,1,,,165,37,48,36,35,37,17,,
FPS,1,,,170,72,83,76,94,150,174,,
FPS,1,,,170,62,64,48,25,65,37,,
FPS,1,,,180,46,51,39,36,86,89,,
FPS,1,,,180,60,72,63,76,143,95,,
FPS,1,,,180,90,76,51,82,150,102,,
FPS,1,,,180,74,67,68,85,113,110,,
FPS,1,,,180,57,54,33,57,102,60,,
FPS,1,,,180,83,79,92,95,144,61,,
FPS,1,,,180,75,62,37,62,78,53,,
FPS,1,,,180,62,78,67,55,68,50,,
FPS,1,,,180,61,78,93,77,98,49,,
FPS,1,,,185,45,57,46,38,96,76,,
FPS,1,,,180,41,34,32,20,43,34,,
FPS,1,,,180,55,57,31,66,105,52,,
FPS,1,,,185,46,51,30,48,63,55,,
FPS,1,,,180,68,70,53,58,101,92,,
FPS,1,,,180,32,32,17,38,55,28,,
FPS,1,,,180,32,27,23,23,73,69,,
FPS,1,,,185,74,74,74,73,103,100,,
FPS,1,,,185,35,35,28,54,72,80,,
FPS,1,,,185,34,40,15,25,54,29,,
FPS,1,,,185,54,60,43,76,108,97,,
FPS,1,,,185,37,24,15,101,78,96,,
FPS,1,,,185,53,68,49,59,100,68,,
FPS,1,,,185,48,41,28,43,89,35,,
FPS,1,,,185,32,41,44,60,55,82,,
FPS,1,,,185,75,116,83,96,172,128,,
FPS,1,,,185,64,60,67,67,104,103,,
FPS,1,,,185,59,40,47,63,96,65,,
FPS,1,,,185,64,68,24,59,102,96,,
FPS,1,,,190,54,46,49,57,95,74,,
FPS,1,,,190,45,74,65,56,92,91,,
FPS,1,,,190,26,29,24,43,39,84,,
FPS,1,,,190,41,62,62,41,50,57,,
FPS,1,,,195,44,47,38,43,81,46,,
FPS,1,,,195,63,64,51,47,101,102,,
FPS,1,,,195,41,46,37,32,32,33,,
FPS,1,,,195,49,55,47,33,58,60,,
FPS,1,,,195,82,104,105,57,112,135,,
FPS,1,,1-200-4,200,72,107,102,82,107,106,,
FPS,1,,,210,74,109,108,87,110,84,,
FPS,1,,,215,89,63,48,38,71,45,,
FPS,1,,,215,121,128,148,100,220,226,,
FPS,1,,,215,96,100,80,159,221,249,,
FPS,1,,,215,103,240,67,147,280,274,,
FPS,1,,,215,55,44,36,46,36,61,,
FPS,1,,,215,56,66,58,48,61,61,,
FPS,1,,,215,50,52,75,55,94,61,,
FPS,1,,,215,84,87,85,96,112,139,,
FPS,1,,,215,85,94,89,10,28,8,,
FPS,1,,,235,159,120,129,180,282,255,,
FPS,1,,,245,44,37,31,35,31,30,,
FPS,1,,1_300_1,305,151,192,167,164,312,288,,
FPS,1,,1_300_2,305,26,25,15,17,13,7,,
FPS,1,,1_300_3,305,39,57,50,44,68,48,,
FPS,1,,,310,20,26,23,0,0,0,,
FPS,1,,,310,67,117,117,94,107,193,,
FPS,1,,,320,66,50,50,93,110,170,,
FPS,1,,,320,64,95,77,52,108,79,,
FPS,1,,,320,112,132,61,109,200,297,,
FPS,1,,,320,70,65,55,75,105,87,,
FPS,1,,,320,140,142,143,150,199,200,,
FPS,1,,,320,75,80,68,72,94,87,,
FPS,1,,,325,120,160,100,120,170,174,,
FPS,1,,,320,87,139,132,87,200,167,,
FPS,1,,,330,92,142,137,75,150,167,,
FPS,1,,,335,91,158,153,111,191,159,,
FPS,1,,,340,33,54,46,30,61,42,,
FPS,1,,,335,124,168,133,134,242,239,,
FPS,1,,,340,130,160,148,98,190,168,,
FPS,1,,1_350_1,350,101,112,103,115,200,178,,
FPS,1,,,380,62,83,50,69,112,117,,
FPS,1,,,435,34,66,34,23,40,10,,
FPS,2,,2-0-1,0,39,33,32,52,82,82,,
FPS,2,,2-0-2,0,35,32,28,36,34,24,,
FPS,2,,2-0-4,0,79,45,40,71,103,93,,
FPS,2,,2-0-5,0,76,118,80,71,128,122,,
FPS,2,,2-0-6,0,16,34,24,39,50,51,,
FPS,2,,2-0-7,0,56,58,51,48,102,98,,
FPS,2,,2-0-9,0,19,27,24,22,50,42,,
FPS,2,,2-0-10,0,75,97,81,73,109,103,,
FPS,2,,,5,65,72,43,65,98,81,,
FPS,2,,,5,65,94,63,72,98,101,,
FPS,2,,,5,53,39,27,25,92,56,,
FPS,2,,,5,73,68,41,59,98,110,,
FPS,2,,,5,27,22,22,36,43,24,,
FPS,2,,,5,18,6,9,20,26,18,,
FPS,2,,,5,50,55,48,61,138,128,,
FPS,2,,,5,20,23,18,30,52,53,,
FPS,2,,,5,32,37,45,50,56,61,,
FPS,2,,,5,65,65,23,59,82,77,,
FPS,2,,,5,22,17,24,27,38,53,,
FPS,2,,,5,28,24,32,33,41,39,,
FPS,2,,,5,28,29,24,34,46,48,,
FPS,2,,,5,68,62,48,39,131,111,,
FPS,2,,,5,78,92,66,68,106,113,,
FPS,2,,,5,27,23,10,37,233,39,,
FPS,2,,,5,20,15,15,43,55,54,,
FPS,2,,,10,18,21,18,23,34,33,,
FPS,2,,,10,42,37,33,33,42,49,,
FPS,2,,,10,66,79,68,43,95,84,,
FPS,2,,,10,26,37,27,40,62,42,,
FPS,2,,,10,25,31,32,43,55,64,,
FPS,2,,,10,43,78,49,53,85,74,,
FPS,2,,,10,49,89,67,51,115,72,,
FPS,2,,,10,20,21,16,25,40,33,,
FPS,2,,,10,49,36,34,42,62,65,,
FPS,2,,,10,46,61,68,45,73,90,,
FPS,2,,,10,39,62,48,76,154,126,,
FPS,2,,,10,57,55,58,53,93,58,,
FPS,2,,,10,29,37,26,42,82,44,,
FPS,2,,,10,25,15,18,23,29,38,,
FPS,2,,,10,69,76,66,88,130,116,,
FPS,2,,,15,41,33,28,58,91,99,,
FPS,2,,,15,28,51,49,39,57,61,,
FPS,2,,,15,41,65,36,56,132,89,,
FPS,2,,,15,79,42,44,56,101,91,,
FPS,2,,,15,41,23,13,41,32,28,,
FPS,2,,,15,46,80,71,47,97,69,,
FPS,2,,,15,29,28,31,38,56,54,,
FPS,2,,,15,13,15,10,12,27,16,,
FPS,2,,,15,66,73,57,92,142,123,,
FPS,2,,,15,45,52,40,43,81,64,,
FPS,2,,,20,18,22,16,33,34,31,,
FPS,2,,,20,16,24,25,26,50,30,,
FPS,2,,,20,18,23,19,44,46,41,,
FPS,2,,,20,33,26,19,50,55,66,,
FPS,2,,,20,51,24,20,58,44,36,,
FPS,2,,,20,45,30,19,27,53,46,,
FPS,2,,,20,31,44,44,38,49,54,,
FPS,2,,,20,34,38,26,55,53,69,,
FPS,2,,,20,79,97,58,49,100,93,,
FPS,2,,,20,18,20,13,45,22,24,,
FPS,2,,,20,61,44,38,58,69,53,,
FPS,2,,,20,44,37,23,24,55,40,,
FPS,2,,,20,29,34,25,59,83,54,,
FPS,2,,,20,55,57,50,44,77,52,,
FPS,2,,,20,35,52,51,37,53,44,,
FPS,2,,,20,38,44,33,33,78,77,,
FPS,2,,,20,52,43,61,52,61,45,,
FPS,2,,,20,54,69,40,58,72,57,,
FPS,2,,,20,56,59,48,65,54,49,,
FPS,2,,,20,74,58,53,58,79,73,,
FPS,2,,,20,24,30,23,57,55,28,,
FPS,2,,,20,31,35,31,47,58,50,,
FPS,2,,,25,86,100,68,60,134,73,,
FPS,2,,,25,89,89,53,63,96,76,,
FPS,2,,,25,73,89,49,50,34,25,,
FPS,2,,,25,67,39,28,49,32,19,,
FPS,2,,,25,51,35,32,49,80,45,,
FPS,2,,,25,69,44,77,81,96,70,,
FPS,2,,,25,89,122,109,46,121,108,,
FPS,2,,,25,52,78,58,57,102,89,,
FPS,2,,,25,58,119,90,64,134,121,,
FPS,2,,,25,31,26,15,46,74,49,,
FPS,2,,,25,49,47,46,36,57,67,,
FPS,2,,,25,48,69,29,55,88,64,,
FPS,2,,,25,47,30,24,48,49,50,,
FPS,2,,,25,57,65,30,35,72,74,,
FPS,2,,,25,35,43,40,48,71,59,,
FPS,2,,,30,31,36,43,61,84,86,,
FPS,2,,,30,20,11,23,20,22,24,,
FPS,2,,,30,34,55,41,39,99,86,,
FPS,2,,,30,22,24,13,22,23,26,,
FPS,2,,,30,21,27,24,36,58,61,,
FPS,2,,,30,59,31,51,45,61,58,,
FPS,2,,,30,30,49,38,47,90,74,,
FPS,2,,,30,28,23,20,40,41,26,,
FPS,2,,,35,66,75,50,76,113,98,,
FPS,2,,,35,55,52,49,61,111,118,,
FPS,2,,,35,24,88,25,27,68,50,,
FPS,2,,,35,34,42,40,59,78,85,,
FPS,2,,,35,81,76,40,96,113,109,,
FPS,2,,,40,49,54,40,66,103,117,,
FPS,2,,,40,34,24,18,29,70,70,,
FPS,2,,,40,24,28,25,40,58,44,,
FPS,2,,,40,45,50,52,64,73,100,,
FPS,2,,,40,31,43,33,71,97,113,,
FPS,2,,,40,59,50,69,70,123,151,,
FPS,2,,,40,39,37,39,60,136,124,,
FPS,2,,,40,33,42,25,74,112,96,,
FPS,2,,,45,70,78,38,56,100,110,,
FPS,2,,,45,65,33,23,77,124,108,,
FPS,2,,2-50-1,50,61,78,37,52,119,114,,
FPS,2,,2-50-2,50,53,41,38,26,79,79,,
FPS,2,,2-50-4,50,45,63,55,50,109,75,,
FPS,2,,2-50-6,50,31,60,53,56,121,110,,
FPS,2,,2-50-9,50,41,50,49,49,86,83,,
FPS,2,,,55,53,58,32,87,92,120,,
FPS,2,,,55,105,67,55,63,155,118,,
FPS,2,,,55,78,56,34,94,111,99,,
FPS,2,,2-50-10,55,41,51,48,66,138,131,,
FPS,2,,,60,38,48,28,55,95,103,,
FPS,2,,,60,40,54,43,69,100,105,,
FPS,2,,,60,60,62,58,56,121,114,,
FPS,2,,,60,74,70,46,71,111,124,,
FPS,2,,,60,76,91,89,98,200,196,,
FPS,2,,,65,62,94,83,45,116,110,,
FPS,2,,,65,78,85,61,63,111,111,,
FPS,2,,,70,88,106,75,83,146,123,,
FPS,2,,,70,52,46,62,55,71,77,,
FPS,2,,,70,48,31,32,27,64,42,,
FPS,2,,,70,68,50,48,61,68,53,,
FPS,2,,,70,38,47,35,36,52,60,,
FPS,2,,,70,59,65,46,46,77,61,,
FPS,2,,,70,77,106,65,80,113,100,,
FPS,2,,,70,37,39,44,47,62,67,,
FPS,2,,,70,76,67,57,65,99,85,,
FPS,2,,,70,68,41,53,49,77,66,,
FPS,2,,,70,13,9,18,10,23,13,,
FPS,2,,,75,44,38,39,39,61,54,,
FPS,2,,,75,45,57,35,68,99,84,,
FPS,2,,,75,36,51,45,59,56,96,,
FPS,2,,,75,24,44,44,60,97,90,,
FPS,2,,,75,77,61,56,42,74,94,,
FPS,2,,,75,19,31,18,41,45,37,,
FPS,2,,,75,71,86,64,71,168,134,,
FPS,2,,,75,68,87,89,54,141,90,,
FPS,2,,,75,61,78,67,71,125,110,,
FPS,2,,,75,46,38,36,56,66,64,,
FPS,2,,,75,34,24,31,57,82,57,,
FPS,2,,,75,73,52,44,57,85,70,,
FPS,2,,,75,31,27,12,60,44,38,,
FPS,2,,,75,42,23,13,50,67,44,,
FPS,2,,,80,18,19,25,26,39,30,,
FPS,2,,,80,57,49,37,70,77,68,,
FPS,2,,,80,15,15,20,25,37,40,,
FPS,2,,,80,44,54,38,65,85,79,,
FPS,2,,,80,10,10,11,27,30,13,,
FPS,2,,,80,48,36,38,50,72,63,,
FPS,2,,,80,39,74,40,38,91,82,,
FPS,2,,,80,43,40,34,58,69,64,,
FPS,2,,,80,49,65,40,68,85,68,,
FPS,2,,,85,43,45,51,45,67,89,,
FPS,2,,,85,30,24,14,42,51,44,,
FPS,2,,,85,30,35,29,47,61,68,,
FPS,2,,,85,20,45,25,67,76,66,,
FPS,2,,,85,62,58,72,85,117,94,,
FPS,2,,,85,68,63,43,60,61,45,,
FPS,2,,,85,68,79,82,75,140,112,,
FPS,2,,,85,76,113,54,60,95,56,,
FPS,2,,,90,76,113,54,60,95,56,,
FPS,2,,,90,71,66,62,84,129,127,,
FPS,2,,,90,54,47,25,67,96,103,,
FPS,2,,,90,78,83,67,116,128,146,,
FPS,2,,,90,44,52,54,54,106,93,,
FPS,2,,,90,35,49,44,74,44,110,,
FPS,2,,,90,80,124,115,117,215,186,,
FPS,2,,,95,65,100,87,120,163,198,,
FPS,2,,,100,77,63,69,158,183,121,,
FPS,2,,2-100-1,100,107,174,106,139,241,212,,
FPS,2,,2-100-2,100,79,118,73,86,173,153,,
FPS,2,,2-100-4,100,89,65,50,111,132,132,,
FPS,2,,2-100-5,100,25,28,22,50,113,67,,
FPS,2,,2-100-6,100,58,26,25,72,115,56,,
FPS,2,,2-100-7,100,96,67,67,98,169,114,,
FPS,2,,2-100-8,100,111,96,84,180,277,175,,
FPS,2,,2-100-9,100,142,145,122,139,244,223,,
FPS,2,,,105,77,120,123,110,157,142,,
FPS,2,,2-100-10,105,93,160,176,131,200,177,,
FPS,2,,,110,78,148,136,143,260,305,,
FPS,2,,,110,80,136,119,103,175,136,,
FPS,2,,,110,54,78,60,68,149,130,,
FPS,2,,,110,113,120,106,148,244,215,,
FPS,2,,,115,132,168,190,165,245,210,,
FPS,2,,,115,73,82,68,48,119,114,,
FPS,2,,,110,56,38,24,47,128,30,,
FPS,2,,,115,105,130,72,102,160,200,,
FPS,2,,,130,92,109,91,91,196,179,,
FPS,2,,,140,35,38,38,31,51,42,,
FPS,2,,,140,85,124,96,118,204,200,,
FPS,2,,,140,98,49,107,194,245,200,,
FPS,2,,,140,91,114,57,118,184,226,,
FPS,2,,,145,97,136,102,130,129,179,,
FPS,2,,2-150-1,150,97,157,100,94,229,200,,
FPS,2,,2-150-2,150,53,69,60,38,72,72,,
FPS,2,,2-150-3,150,52,53,46,41,27,30,,
FPS,2,,2-150-4,150,41,53,40,23,27,21,,
FPS,2,,2-150-5,150,103,70,58,140,316,255,,
FPS,2,,2-150-6,150,53,55,41,0,0,0,,
FPS,2,,,155,57,86,81,0,0,0,,
FPS,2,,2-150-7,155,73,77,47,22,43,43,,
FPS,2,,2-150-10,155,47,49,47,28,22,12,,
FPS,2,,,155,36,164,174,161,181,30,,
FPS,2,,,155,64,61,53,97,157,157,,
FPS,2,,,155,59,81,77,47,84,49,,
FPS,2,,,155,59,85,73,0,0,0,,
FPS,2,,,155,59,104,89,18,80,25,,
FPS,2,,,160,75,68,50,43,63,43,,
FPS,2,,,160,82,87,68,70,87,78,,
FPS,2,,,160,72,97,82,16,47,40,,
FPS,2,,,160,80,115,94,51,134,97,,
FPS,2,,,160,63,90,59,67,118,89,,
FPS,2,,,160,49,47,19,20,60,18,,
FPS,2,,2-200-1,200,82,85,72,126,215,204,,
FPS,2,,2-200-3,200,65,70,56,73,176,95,,
FPS,2,,2-200-5,200,97,141,81,135,193,176,,
FPS,2,,,210,85,124,78,169,281,282,,
FPS,2,,,220,55,64,67,88,118,132,,
FPS,2,,,240,104,89,99,176,191,204,,
FPS,2,,,245,29,43,38,33,58,50,,
FPS,2,,2-250-1,250,23,36,39,22,37,12,,
FPS,2,,2-250-5,255,50,53,42,34,72,67,,
FPS,2,,2-250-7,255,36,54,51,30,90,74,,
FPS,2,,,260,23,33,26,0,0,0,,
FPS,2,,,265,44,90,75,73,151,160,,
FPS,2,,,270,68,90,71,137,217,149,,
FPS,2,,,270,59,80,71,47,142,210,,
FPS,2,,,270,88,140,155,155,216,177,,
FPS,2,,,275,86,104,143,155,261,224,,
FPS,2,,,275,82,128,79,156,182,160,,
FPS,2,,,280,90,185,123,106,197,141,,
FPS,2,,2-350-1,345,74,112,73,112,252,241,,
FPS,2,,2-500-1,490,56,84,59,63,162,107,,
FPS,3,,3-0-1,0,64,88,68,96,135,107,,
FPS,3,,3-0-4,0,62,100,58,49,125,74,,
FPS,3,,3-0-5,0,61,83,51,35,105,50,,
FPS,3,,3-0-6,0,54,88,37,60,85,60,,
FPS,3,,3-0-8,0,61,99,60,73,123,122,,
FPS,3,,3-0-9,0,84,69,48,58,80,47,,
FPS,3,,,5,38,34,33,13,40,18,,
FPS,3,,,5,70,67,33,58,109,74,,
FPS,3,,,5,63,77,68,71,126,155,,
FPS,3,,,5,80,104,45,82,110,132,,
FPS,3,,,5,93,142,96,64,131,120,,
FPS,3,,,5,23,9,7,32,23,13,,
FPS,3,,,5,52,97,45,63,129,97,,
FPS,3,,,5,65,72,68,68,137,72,,
FPS,3,,,5,73,86,60,63,96,77,,
FPS,3,,,10,49,35,16,33,33,45,,
FPS,3,,,10,39,34,25,84,133,129,,
FPS,3,,,10,64,53,28,52,79,62,,
FPS,3,,,10,31,69,17,69,166,132,,
FPS,3,,,15,73,110,49,101,173,170,,
FPS,3,,,15,42,76,29,48,114,70,,
FPS,3,,,15,41,61,55,66,103,93,,
FPS,3,,,15,41,42,35,51,76,78,,
FPS,3,,,15,43,33,33,85,153,161,,
FPS,3,,,15,12,14,9,11,24,29,,
FPS,3,,,20,33,24,23,62,129,98,,
FPS,3,,,20,31,64,67,45,98,101,,
FPS,3,,,20,15,15,12,21,26,12,,
FPS,3,,,20,68,43,40,57,127,78,,
FPS,3,,,20,45,48,13,40,31,17,,
FPS,3,,,20,47,86,50,87,144,92,,
FPS,3,,,25,11,17,10,13,20,9,,
FPS,3,,,25,24,39,33,32,62,49,,
FPS,3,,,25,10,9,7,15,18,16,,
FPS,3,,,25,8,5,11,12,7,4,,
FPS,3,,,25,16,11,8,21,12,9,,
FPS,3,,,25,10,10,7,11,10,8,,
FPS,3,,,25,19,30,23,35,25,31,,
FPS,3,,,25,7,9,7,7,10,5,,
FPS,3,,,25,11,16,12,13,18,16,,
FPS,3,,,25,42,89,75,18,12,17,,
FPS,3,,,25,23,24,24,37,51,37,,
FPS,3,,,25,33,35,34,46,108,85,,
FPS,3,,,25,18,13,8,7,7,12,,
FPS,3,,,25,16,21,15,20,57,36,,
FPS,3,,,25,18,18,7,0,0,0,,
FPS,3,,,30,19,27,29,31,70,53,,
FPS,3,,,30,11,17,15,26,31,41,,
FPS,3,,,30,21,35,19,15,19,24,,
FPS,3,,,30,7,9,6,18,13,10,,
FPS,3,,,30,20,27,20,29,47,35,,
FPS,3,,,30,38,49,34,58,103,78,,
FPS,3,,,30,12,10,7,13,23,7,,
FPS,3,,,30,16,9,6,16,25,10,,
FPS,3,,,30,20,26,17,30,46,21,,
FPS,3,,,30,31,29,30,40,67,66,,
FPS,3,,,30,18,21,15,23,45,26,,
FPS,3,,,30,29,18,18,30,37,25,,
FPS,3,,,30,13,15,17,29,33,17,,
FPS,3,,,30,21,31,23,34,65,48,,
FPS,3,,,30,41,79,90,42,63,85,,
FPS,3,,,30,19,24,17,21,23,21,,
FPS,3,,,30,35,58,47,64,108,75,,
FPS,3,,,30,22,33,17,29,57,32,,
FPS,3,,,30,44,48,45,24,52,49,,
FPS,3,,,30,21,26,25,29,57,46,,
FPS,3,,,30,24,19,12,23,29,13,,
FPS,3,,,30,47,19,15,14,13,29,,
FPS,3,,,30,20,22,16,25,17,11,,
FPS,3,,,30,72,58,55,102,100,124,,
FPS,3,,,30,97,86,77,57,117,88,,
FPS,3,,,30,58,36,32,78,67,55,,
FPS,3,,,30,26,25,21,48,70,47,,
FPS,3,,,30,63,63,67,43,91,68,,
FPS,3,,,30,67,52,30,51,83,53,,
FPS,3,,,30,34,23,26,74,86,72,,
FPS,3,,,35,17,15,11,0,0,0,,
FPS,3,,,35,68,66,36,53,75,60,,
FPS,3,,,35,62,55,27,74,88,65,,
FPS,3,,,35,48,81,65,14,62,49,,
FPS,3,,,35,69,91,74,65,78,76,,
FPS,3,,,35,43,61,37,72,64,83,,
FPS,3,,,35,48,60,39,74,117,116,,
FPS,3,,,35,66,61,51,88,118,89,,
FPS,3,,,35,54,44,59,70,120,107,,
FPS,3,,,35,74,42,50,57,60,62,,
FPS,3,,,35,107,94,74,94,124,98,,
FPS,3,,,35,76,81,35,78,65,84,,
FPS,3,,,35,45,29,29,30,44,18,,
FPS,3,,,35,48,37,26,56,62,73,,
FPS,3,,,35,56,38,21,70,67,26,,
FPS,3,,,35,26,17,12,31,49,20,,
FPS,3,,,35,71,50,38,64,80,58,,
FPS,3,,,35,89,104,83,59,127,93,,
FPS,3,,,35,73,55,47,77,80,74,,
FPS,3,,,35,75,45,28,39,62,41,,
FPS,3,,,40,38,32,32,42,64,52,,
FPS,3,,,40,48,42,46,70,76,120,,
FPS,3,,,40,89,72,71,90,138,139,,
FPS,3,,,40,53,49,40,51,53,91,,
FPS,3,,,40,38,29,20,40,55,51,,
FPS,3,,,40,16,14,9,10,14,6,,
FPS,3,,,40,46,54,48,44,110,147,,
FPS,3,,,40,28,32,26,31,58,47,,
FPS,3,,,40,73,104,72,82,143,128,,
FPS,3,,,40,85,132,88,74,152,125,,
FPS,3,,,40,91,124,69,93,124,114,,
FPS,3,,,45,23,30,18,46,69,53,,
FPS,3,,,45,50,83,57,95,118,130,,
FPS,3,,,45,38,42,22,38,94,95,,
FPS,3,,,45,53,55,42,63,95,92,,
FPS,3,,,45,58,76,50,59,141,85,,
FPS,3,,,45,20,21,15,51,58,39,,
FPS,3,,,45,66,67,33,61,90,73,,
FPS,3,,,45,40,31,25,46,58,52,,
FPS,3,,,45,22,29,22,19,43,28,,
FPS,3,,,45,40,29,30,42,57,45,,
FPS,3,,,45,28,56,44,42,77,81,,
FPS,3,,,45,39,50,28,55,114,75,,
FPS,3,,,45,51,66,31,37,83,61,,
FPS,3,,,45,41,39,40,48,96,78,,
FPS,3,,,45,18,44,31,35,87,83,,
FPS,3,,,45,17,22,16,28,33,39,,
FPS,3,,,45,11,14,12,19,20,32,,
FPS,3,,3-50-6,50,23,13,7,36,68,43,,
FPS,3,,3-50-7,50,17,19,19,35,68,40,,
FPS,3,,3-50-8,50,39,23,28,44,79,84,,
FPS,3,,3-50-9,50,23,25,19,34,72,50,,
FPS,3,,3-50-10,50,21,21,18,48,72,53,,
FPS,3,,,50,31,25,23,76,124,60,,
FPS,3,,,50,65,38,37,60,72,53,,
FPS,3,,,50,29,32,29,56,77,54,,
FPS,3,,,50,34,29,22,64,102,76,,
FPS,3,,,50,35,34,37,60,104,75,,
FPS,3,,,50,29,31,29,51,63,71,,
FPS,3,,,50,34,18,17,45,77,55,,
FPS,3,,,50,67,57,33,55,106,68,,
FPS,3,,,50,22,35,19,54,67,44,,
FPS,3,,,50,59,57,56,56,118,89,,
FPS,3,,,50,29,26,17,55,78,62,,
FPS,3,,,50,83,74,39,83,111,109,,
FPS,3,,,50,75,72,35,69,102,110,,
FPS,3,,,50,62,38,28,67,98,82,,
FPS,3,,,50,11,13,9,26,19,10,,
FPS,3,,,50,71,48,48,65,106,74,,
FPS,3,,,50,31,48,46,36,65,59,,
FPS,3,,,50,23,36,27,58,108,73,,
FPS,3,,,50,40,39,24,61,79,62,,
FPS,3,,,50,22,15,12,54,48,37,,
FPS,3,,,55,41,48,34,65,68,93,,
FPS,3,,,55,32,39,29,45,83,67,,
FPS,3,,,55,26,42,45,46,77,45,,
FPS,3,,,55,19,17,17,42,59,37,,
FPS,3,,,55,62,18,17,60,63,45,,
FPS,3,,,55,30,53,44,55,126,104,,
FPS,3,,,55,61,66,47,59,94,86,,
FPS,3,,,55,12,16,8,26,25,23,,
FPS,3,,,55,9,11,15,10,7,4,,
FPS,3,,,55,30,30,15,35,62,51,,
FPS,3,,,55,84,66,47,97,142,129,,
FPS,3,,,55,61,85,48,83,85,70,,
FPS,3,,,55,65,22,23,60,101,92,,
FPS,3,,,55,56,46,59,58,49,58,,
FPS,3,,,55,86,83,59,84,116,55,,
FPS,3,,,55,21,17,16,22,35,38,,
FPS,3,,,55,64,71,82,70,94,79,,
FPS,3,,,60,45,36,30,52,73,67,,
FPS,3,,,60,25,29,23,40,63,33,,
FPS,3,,,60,33,32,24,46,90,61,,
FPS,3,,,60,41,23,20,42,76,59,,
FPS,3,,,60,45,60,47,45,105,70,,
FPS,3,,,60,75,80,51,66,110,107,,
FPS,3,,,60,48,37,41,47,74,65,,
FPS,3,,,60,41,29,19,49,53,42,,
FPS,3,,,60,37,33,16,33,49,44,,
FPS,3,,,60,46,44,32,59,78,77,,
FPS,3,,,60,33,25,16,50,70,67,,
FPS,3,,,60,34,37,39,60,82,61,,
FPS,3,,,60,45,26,21,42,64,76,,
FPS,3,,,60,44,33,36,53,91,66,,
FPS,3,,,60,20,25,13,43,48,27,,
FPS,3,,,60,36,30,29,49,85,81,,
FPS,3,,,60,23,30,27,31,52,43,,
FPS,3,,,60,22,17,15,35,52,48,,
FPS,3,,,65,17,20,18,24,50,37,,
FPS,3,,,65,41,38,42,56,116,68,,
FPS,3,,,65,27,41,31,60,105,69,,
FPS,3,,,65,23,24,23,28,66,72,,
FPS,3,,,65,47,38,36,52,64,62,,
FPS,3,,,65,43,29,29,27,64,44,,
FPS,3,,,65,12,12,18,17,23,18,,
FPS,3,,,65,25,16,13,51,38,23,,
FPS,3,,,65,15,23,19,33,49,44,,
FPS,3,,,65,92,72,48,90,128,132,,
FPS,3,,,65,25,38,21,39,83,46,,
FPS,3,,,65,13,12,14,15,17,15,,
FPS,3,,,65,29,18,13,35,60,25,,
FPS,3,,,65,15,24,12,41,58,53,,
FPS,3,,,65,29,31,27,59,63,74,,
FPS,3,,,65,24,20,17,35,48,54,,
FPS,3,,,65,85,157,168,85,138,140,,
FPS,3,,,65,59,39,54,69,81,59,,
FPS,3,,,65,34,34,26,53,75,73,,
FPS,3,,,70,45,37,29,78,90,49,,
FPS,3,,,70,38,28,18,27,62,38,,
FPS,3,,,70,30,60,26,58,92,88,,
FPS,3,,,70,89,32,35,27,59,67,,
FPS,3,,,70,70,36,26,69,100,67,,
FPS,3,,,70,43,94,48,71,100,104,,
FPS,3,,,70,71,91,34,66,108,101,,
FPS,3,,,70,21,34,14,45,102,67,,
FPS,3,,,70,19,29,17,46,67,47,,
FPS,3,,,70,34,54,40,50,87,96,,
FPS,3,,,70,27,32,30,48,72,84,,
FPS,3,,,70,29,47,45,56,83,77,,
FPS,3,,,70,36,58,51,43,139,81,,
FPS,3,,,70,24,39,28,34,79,43,,
FPS,3,,,70,33,33,29,47,87,57,,
FPS,3,,,70,37,29,24,53,78,75,,
FPS,3,,,70,23,18,16,43,47,32,,
FPS,3,,,70,18,28,22,28,29,35,,
FPS,3,,,70,17,28,18,37,51,35,,
FPS,3,,,70,19,26,20,18,33,35,,
FPS,3,,,70,17,19,18,32,19,28,,
FPS,3,,,70,17,17,19,64,65,29,,
FPS,3,,,70,13,19,12,32,29,33,,
FPS,3,,,75,9,12,9,6,14,6,,
FPS,3,,,75,37,26,24,41,51,36,,
FPS,3,,,75,9,21,8,12,11,5,,
FPS,3,,,75,27,25,23,43,58,52,,
FPS,3,,,75,18,22,16,23,28,17,,
FPS,3,,,75,34,37,48,49,104,97,,
FPS,3,,,75,39,45,32,43,81,88,,
FPS,3,,,75,39,29,30,42,97,85,,
FPS,3,,,75,20,12,11,22,23,11,,
FPS,3,,,75,48,40,45,57,102,105,,
FPS,3,,,75,9,5,2,7,22,13,,
FPS,3,,,75,42,50,26,45,61,60,,
FPS,3,,,75,48,32,42,45,72,69,,
FPS,3,,,75,39,54,38,56,111,101,,
FPS,3,,,75,52,21,20,60,73,55,,
FPS,3,,,75,53,86,65,59,100,102,,
FPS,3,,,80,17,20,19,29,23,23,,
FPS,3,,,80,28,43,42,47,75,71,,
FPS,3,,,80,58,83,57,112,212,170,,
FPS,3,,,80,33,50,31,81,135,153,,
FPS,3,,,80,39,42,37,16,27,32,,
FPS,3,,,80,60,56,32,60,96,81,,
FPS,3,,,80,39,61,67,15,23,31,,
FPS,3,,,80,78,95,59,58,90,35,,
FPS,3,,,80,50,50,30,58,100,138,,
FPS,3,,,80,21,30,23,47,37,62,,
FPS,3,,,80,54,53,36,45,100,71,,
FPS,3,,,80,73,76,65,62,130,118,,
FPS,3,,,80,93,96,75,84,147,93,,
FPS,3,,,85,88,89,65,88,94,131,,
FPS,3,,,85,51,61,48,82,194,136,,
FPS,3,,,85,46,37,48,88,111,81,,
FPS,3,,,85,71,112,107,118,207,154,,
FPS,3,,,85,38,49,41,37,78,63,,
FPS,3,,,85,35,59,46,39,88,67,,
FPS,3,,,85,79,103,82,99,204,157,,
FPS,3,,,90,88,144,68,81,144,122,,
FPS,3,,,90,66,91,64,75,133,114,,
FPS,3,,,90,11,9,9,9,7,6,,
FPS,3,,,90,68,68,77,68,132,122,,
FPS,3,,,95,27,34,30,35,100,87,,
FPS,3,,,95,65,62,85,104,182,158,,
FPS,3,,,95,32,56,52,47,79,64,,
FPS,3,,3-100-4,100,103,85,40,84,131,121,,
FPS,3,,3-100-5,100,11,13,14,20,14,10,,
FPS,3,,3-100-8,100,58,60,44,92,123,152,,
FPS,3,,3-100-9,100,126,38,24,59,73,97,,
FPS,3,,3-100-10,100,25,26,19,44,69,55,,
FPS,3,,,105,41,53,31,103,125,121,,
FPS,3,,,105,27,25,23,63,100,73,,
FPS,3,,,105,33,35,39,56,101,104,,
FPS,3,,,105,28,31,31,63,111,61,,
FPS,3,,,105,51,62,30,46,90,81,,
FPS,3,,,105,58,68,43,55,73,104,,
FPS,3,,,105,47,56,62,85,104,97,,
FPS,3,,,105,83,81,76,78,107,100,,
FPS,3,,,110,50,59,52,35,81,59,,
FPS,3,,,110,61,71,59,97,138,123,,
FPS,3,,,110,26,56,37,42,120,131,,
FPS,3,,,110,56,59,58,69,117,111,,
FPS,3,,,115,43,45,34,52,74,79,,
FPS,3,,,115,16,21,28,16,17,24,,
FPS,3,,,115,41,55,50,70,135,110,,
FPS,3,,,125,55,65,51,72,114,94,,
FPS,3,,,125,43,55,51,56,76,94,,
FPS,3,,,130,59,79,87,80,163,135,,
FPS,3,,,130,52,50,42,73,134,100,,
FPS,3,,,130,65,61,62,85,127,143,,
FPS,3,,,130,39,34,31,41,40,38,,
FPS,3,,,130,63,38,38,69,114,91,,
FPS,3,,,130,70,53,44,79,133,97,,
FPS,3,,,130,49,72,49,82,165,112,,
FPS,3,,,130,30,25,17,27,59,46,,
FPS,3,,,135,53,77,53,89,175,157,,
FPS,3,,,135,67,85,76,90,160,131,,
FPS,3,,,135,72,104,46,123,211,175,,
FPS,3,,,140,43,24,29,0,0,0,,
FPS,3,,,140,60,67,66,127,194,172,,
FPS,3,,,140,98,108,171,104,304,273,,
FPS,3,,,150,21,34,32,0,0,0,,
FPS,3,,,150,113,38,42,102,259,117,,
FPS,3,,,150,37,31,31,25,32,18,,
FPS,3,,,150,76,78,61,49,57,68,,
FPS,3,,,150,15,14,17,0,0,0,,
FPS,3,,,150,72,107,108,68,100,78,,
FPS,3,,3-150-2,150,56,34,42,35,35,43,,
FPS,3,,3-150-4,150,33,42,36,30,25,22,,
FPS,3,,3-150-5,150,16,22,19,10,18,4,,
FPS,3,,3-150-6,150,23,26,19,19,16,9,,
FPS,3,,3-150-8,150,26,30,29,19,22,8,,
FPS,3,,3-150-9,150,15,20,16,12,16,11,,
FPS,3,,3-150-10,150,45,45,43,29,52,21,,
FPS,3,,,155,69,124,94,79,87,77,,
FPS,3,,,155,90,194,212,94,170,129,,
FPS,3,,,155,71,82,68,50,100,85,,
FPS,3,,,160,98,133,133,97,199,221,,
FPS,3,,,160,135,100,68,141,190,222,,
FPS,3,,,160,84,79,67,123,198,232,,
FPS,3,,,170,52,62,61,61,90,73,,
FPS,3,,,170,65,56,49,70,43,31,,
FPS,3,,,170,83,132,77,98,132,166,,
FPS,3,,,170,52,95,73,108,175,183,,
FPS,3,,,175,131,150,176,144,224,270,,
FPS,3,,,175,19,24,26,17,21,17,,
FPS,3,,,185,27,35,28,0,0,0,,
FPS,3,,,185,85,200,235,141,270,214,,
FPS,3,,,185,66,64,77,143,226,251,,
FPS,3,,,195,51,66,50,44,97,62,,
FPS,3,,3-200-2,200,69,79,54,70,140,98,,
FPS,3,,3-200-7,200,95,100,97,69,164,112,,
FPS,3,,3-200-8,200,17,20,13,16,8,4,,
FPS,3,,,205,41,48,37,37,39,36,,
FPS,3,,3-200-9,205,114,121,83,88,127,67,,
FPS,3,,3-200-10,205,38,31,28,35,33,22,,
FPS,3,,,205,53,79,40,48,100,62,,
FPS,3,,,205,56,60,42,51,86,60,,
FPS,3,,,205,44,21,22,27,36,18,,
FPS,3,,,205,45,66,47,57,94,72,,
FPS,3,,,205,96,79,79,77,141,123,,
FPS,3,,,205,75,83,74,50,89,102,,
FPS,3,,,205,25,23,25,33,27,20,,
FPS,3,,,210,60,65,54,47,86,91,,
FPS,3,,,210,121,154,198,198,354,385,,
FPS,3,,,210,23,18,23,0,0,0,,
FPS,3,,,210,34,41,43,24,23,23,,
FPS,3,,,210,21,17,14,18,11,12,,
FPS,3,,,210,57,67,53,40,83,68,,
FPS,3,,,210,14,18,14,0,0,0,,
FPS,3,,,230,141,196,99,114,226,237,,
FPS,3,,,260,77,74,79,57,126,117,,
FPS,3,,,265,19,31,25,0,0,0,,
FPS,3,,,265,60,86,87,174,317,307,,
FPS,3,,3-450-1,455,92,43,31,104,141,158,,
FPS,3,,3-450-2,455,75,89,104,121,288,318,,
FPS,3,,,460,98,172,144,126,252,273,,
FPS,3,,,465,15,18,15,13,20,9,,
FPS,3,,,470,52,64,63,34,58,37,,
FPS,3,,,475,105,200,237,140,257,328,,
FPS,3,,,475,62,79,57,38,42,36,,
FPS,3,,,475,44,55,49,18,29,32,,
FPS,3,,,475,42,51,54,0,0,0,,
FPS,3,,3-500-1,500,38,49,36,12,11,6,,
FPS,3,,3-550-1,550,63,124,187,150,200,164,,
MOD,1,,1,0,49,74,61,,,,,
MOD,1,,2,0,89,34,33,,,,,
MOD,1,,3,0,62,74,55,,,,,
MOD,1,,4,0,71,58,56,,,,,
MOD,1,,5,0,67,45,41,,,,,
MOD,1,,6,0,71,54,53,,,,,
MOD,1,,7,0,42,65,63,,,,,
MOD,1,,8,0,59,72,57,,,,,
MOD,1,,9,0,44,73,46,,,,,
MOD,1,,10,0,69,97,73,,,,,
MOD,1,,,0,50,53,44,,,,,
MOD,1,,,0,48,28,23,,,,,
MOD,1,,,0,45,48,41,,,,,
MOD,1,,,0,67,90,64,,,,,
MOD,1,,,0,65,78,71,,,,,
MOD,1,,,0,57,48,38,,,,,
MOD,1,,,5,52,36,27,,,,,
MOD,1,,,5,68,99,70,,,,,
MOD,1,,,5,64,75,62,,,,,
MOD,1,,,5,39,55,31,,,,,
MOD,1,,,5,37,40,23,,,,,
MOD,1,,,0,53,70,63,,,,,
MOD,1,,,5,78,97,88,,,,,
MOD,1,,,5,69,88,75,,,,,
MOD,1,,,5,52,67,58,,,,,
MOD,1,,,5,65,74,73,,,,,
MOD,1,,,5,99,56,48,,,,,
MOD,1,,,5,62,44,43,,,,,
MOD,1,,,5,71,53,45,,,,,
MOD,1,,,5,62,68,49,,,,,
MOD,1,,,5,50,61,37,,,,,
MOD,1,,,5,48,48,26,,,,,
MOD,1,,,10,50,49,41,,,,,
MOD,1,,,10,76,77,56,,,,,
MOD,1,,,10,76,51,29,,,,,
MOD,1,,,10,62,75,73,,,,,
MOD,1,,,5,48,72,57,,,,,
MOD,1,,,5,53,46,43,,,,,
MOD,1,,,10,120,66,51,,,,,
MOD,1,,,5,43,78,52,,,,,
MOD,1,,,10,56,52,46,,,,,
MOD,1,,,10,73,57,36,,,,,
MOD,1,,,10,72,82,52,,,,,
MOD,1,,,10,67,68,59,,,,,
MOD,1,,,10,89,121,118,,,,,
MOD,1,,,10,58,82,77,,,,,
MOD,1,,,10,40,65,53,,,,,
MOD,1,,,10,64,88,76,,,,,
MOD,1,,,10,62,83,77,,,,,
MOD,1,,,10,57,76,43,,,,,
MOD,1,,,10,57,65,46,,,,,
MOD,1,,,15,50,68,35,,,,,
MOD,1,,,15,37,16,13,,,,,
MOD,1,,,15,45,47,33,,,,,
MOD,1,,,15,47,36,28,,,,,
MOD,1,,,15,53,75,55,,,,,
MOD,1,,,15,66,78,64,,,,,
MOD,1,,,10,65,89,83,,,,,
MOD,1,,,15,52,63,54,,,,,
MOD,1,,,15,59,72,59,,,,,
MOD,1,,,15,72,56,33,,,,,
MOD,1,,,15,48,50,43,,,,,
MOD,1,,,15,61,63,47,,,,,
MOD,1,,,15,68,66,55,,,,,
MOD,1,,,15,46,53,44,,,,,
MOD,1,,,15,68,55,55,,,,,
MOD,1,,,15,60,71,54,,,,,
MOD,1,,,15,62,27,13,,,,,
MOD,1,,,15,52,79,72,,,,,
MOD,1,,,15,68,71,52,,,,,
MOD,1,,,20,64,93,90,,,,,
MOD,1,,,20,78,72,54,,,,,
MOD,1,,,20,43,47,42,,,,,
MOD,1,,,20,55,53,39,,,,,
MOD,1,,,20,72,87,77,,,,,
MOD,1,,,20,100,48,39,,,,,
MOD,1,,,20,96,112,81,,,,,
MOD,1,,,20,66,89,83,,,,,
MOD,1,,,25,57,72,65,,,,,
MOD,1,,,30,82,84,65,,,,,
MOD,1,,,25,66,108,104,,,,,
MOD,1,,,25,59,89,77,,,,,
MOD,1,,,30,65,108,97,,,,,
MOD,1,,,30,85,131,118,,,,,
MOD,1,,,30,45,61,61,,,,,
MOD,1,,,30,113,103,98,,,,,
MOD,1,,,35,28,34,29,,,,,
MOD,1,,,35,39,62,48,,,,,
MOD,1,,,40,48,89,72,,,,,
MOD,1,,,35,89,122,102,,,,,
MOD,1,,,40,75,122,108,,,,,
MOD,1,,,40,55,101,96,,,,,
MOD,1,,,40,64,89,69,,,,,
MOD,1,,,45,65,111,94,,,,,
MOD,1,,,45,105,104,92,,,,,
MOD,1,,,45,51,81,74,,,,,
MOD,1,,,45,74,96,62,,,,,
MOD,1,,,45,79,95,78,,,,,
MOD,1,,,45,76,132,132,,,,,
MOD,1,,,50,58,89,77,,,,,
MOD,1,,,50,64,72,66,,,,,
MOD,1,,,50,71,47,45,,,,,
MOD,1,,,50,68,85,60,,,,,
MOD,1,,,50,58,82,70,,,,,
MOD,1,,,50,67,83,74,,,,,
MOD,1,,,50,57,88,62,,,,,
MOD,1,,,50,66,86,86,,,,,
MOD,1,,,50,86,87,83,,,,,
MOD,1,,,55,91,112,105,,,,,
MOD,1,,,60,72,109,108,,,,,
MOD,1,,,60,83,151,129,,,,,
MOD,1,,,60,65,95,87,,,,,
MOD,1,,,60,65,117,100,,,,,
MOD,1,,,60,59,77,43,,,,,
MOD,1,,,60,117,109,95,,,,,
MOD,1,,,60,68,101,96,,,,,
MOD,1,,,65,107,145,97,,,,,
MOD,1,,,70,77,100,94,,,,,
MOD,1,,,70,64,59,44,,,,,
MOD,1,,,70,96,115,88,,,,,
MOD,1,,,70,110,123,79,,,,,
MOD,1,,,70,112,133,85,,,,,
MOD,1,,,75,90,157,148,,,,,
MOD,1,,,80,48,67,66,,,,,
MOD,1,,,80,93,123,107,,,,,
MOD,1,,,80,102,135,117,,,,,
MOD,1,,,85,52,97,97,,,,,
MOD,1,,,110,43,46,45,,,,,
MOD,1,,,110,91,132,120,,,,,
MOD,1,,,115,107,139,130,,,,,
MOD,1,,,120,145,182,157,,,,,
MOD,1,,,115,100,177,158,,,,,
MOD,1,,,140,70,113,93,,,,,
MOD,1,,1,145,145,208,203,,,,,
MOD,1,,2,145,127,169,151,,,,,
MOD,1,,3,145,125,208,132,,,,,
MOD,1,,4,150,84,182,146,,,,,
MOD,1,,,165,97,158,156,,,,,
MOD,1,,,165,69,130,108,,,,,
MOD,1,,,175,79,113,106,,,,,
MOD,1,,1,300,70,141,122,,,,,
MOD,2,,1,0,107,114,107,,,,,
MOD,2,,2,0,75,100,79,,,,,
MOD,2,,3,0,63,100,90,,,,,
MOD,2,,4,0,82,128,125,,,,,
MOD,2,,5,0,50,61,46,,,,,
MOD,2,,6,5,68,91,73,,,,,
MOD,2,,7,5,59,94,70,,,,,
MOD,2,,8,5,49,44,27,,,,,
MOD,2,,9,5,90,78,67,,,,,
MOD,2,,10,5,68,72,57,,,,,
MOD,2,,,5,49,43,26,,,,,
MOD,2,,,5,63,73,63,,,,,
MOD,2,,,5,56,63,63,,,,,
MOD,2,,,5,88,103,92,,,,,
MOD,2,,,10,57,836,64,,,,,
MOD,2,,,5,77,81,52,,,,,
MOD,2,,,5,79,139,79,,,,,
MOD,2,,,5,43,34,30,,,,,
MOD,2,,,5,54,65,59,,,,,
MOD,2,,,5,46,65,54,,,,,
MOD,2,,,10,44,54,38,,,,,
MOD,2,,,10,41,48,41,,,,,
MOD,2,,,10,66,100,83,,,,,
MOD,2,,,10,38,28,27,,,,,
MOD,2,,,10,57,64,43,,,,,
MOD,2,,,10,69,99,67,,,,,
MOD,2,,,10,91,94,66,,,,,
MOD,2,,,10,50,43,34,,,,,
MOD,2,,,10,48,37,33,,,,,
MOD,2,,,10,86,92,53,,,,,
MOD,2,,,15,90,112,106,,,,,
MOD,2,,,15,101,155,117,,,,,
MOD,2,,,15,101,195,162,,,,,
MOD,2,,,15,25,40,32,,,,,
MOD,2,,,15,34,52,116,,,,,
MOD,2,,,20,97,76,69,,,,,
MOD,2,,,20,46,47,36,,,,,
MOD,2,,,20,61,71,71,,,,,
MOD,2,,,20,60,66,59,,,,,
MOD,2,,,20,54,69,63,,,,,
MOD,2,,,20,29,22,12,,,,,
MOD,2,,,20,85,112,98,,,,,
MOD,2,,,20,42,55,48,,,,,
MOD,2,,,20,63,83,65,,,,,
MOD,2,,,20,73,95,74,,,,,
MOD,2,,,20,64,95,60,,,,,
MOD,2,,,20,28,71,43,,,,,
MOD,2,,,25,132,123,114,,,,,
MOD,2,,,25,102,202,144,,,,,
MOD,2,,,25,146,123,92,,,,,
MOD,2,,,30,75,111,91,,,,,
MOD,2,,,30,74,129,125,,,,,
MOD,2,,1,60,139,205,152,,,,,
MOD,2,,2,50,153,162,156,,,,,
MOD,2,,3,50,63,150,108,,,,,
MOD,2,,4,60,67,78,38,,,,,
MOD,2,,,65,97,140,94,,,,,
MOD,2,,1,100,89,136,115,,,,,
MOD,2,,1,150,117,126,121,,,,,
MOD,2,,1,200,68,155,137,,,,,
MOD,3,,1,0,65,83,62,,,,,
MOD,3,,2,0,54,91,68,,,,,
MOD,3,,4,0,44,67,53,,,,,
MOD,3,,5,5,70,111,77,,,,,
MOD,3,,6,5,70,82,68,,,,,
MOD,3,,7,5,48,75,60,,,,,
MOD,3,,8,5,104,118,92,,,,,
MOD,3,,10,5,78,92,78,,,,,
MOD,3,,,5,80,119,95,,,,,
MOD,3,,,10,93,148,121,,,,,
MOD,3,,,15,76,87,58,,,,,
MOD,3,,,15,55,108,86,,,,,
MOD,3,,,15,56,71,70,,,,,
MOD,3,,,15,83,64,41,,,,,
MOD,3,,,15,70,141,94,,,,,
MOD,3,,,20,56,69,66,,,,,
MOD,3,,,20,79,123,98,,,,,
MOD,3,,,20,67,53,42,,,,,
MOD,3,,,20,86,99,71,,,,,
MOD,3,,,5,88,115,80,,,,,
MOD,3,,,20,57,98,73,,,,,
MOD,3,,,20,93,107,79,,,,,
MOD,3,,,20,64,85,76,,,,,
MOD,3,,,20,61,90,87,,,,,
MOD,3,,,20,69,64,61,,,,,
MOD,3,,,20,27,26,34,,,,,
MOD,3,,,20,57,58,45,,,,,
MOD,3,,,25,66,93,81,,,,,
MOD,3,,,20,63,75,37,,,,,
MOD,3,,,20,59,70,59,,,,,
MOD,3,,,20,78,51,49,,,,,
MOD,3,,,25,30,78,55,,,,,
MOD,3,,,25,58,133,69,,,,,
MOD,3,,,25,55,72,66,,,,,
MOD,3,,,25,41,62,60,,,,,
MOD,3,,,25,98,156,79,,,,,
MOD,3,,,25,58,111,100,,,,,
MOD,3,,,30,43,55,55,,,,,
MOD,3,,,30,76,122,79,,,,,
MOD,3,,,30,44,69,37,,,,,
MOD,3,,,30,20,33,40,,,,,
MOD,3,,,30,11,12,5,,,,,
MOD,3,,,30,82,92,85,,,,,
MOD,3,,,30,83,149,99,,,,,
MOD,3,,,35,79,118,94,,,,,
MOD,3,,,35,63,81,65,,,,,
MOD,3,,,35,59,94,84,,,,,
MOD,3,,,40,45,62,57,,,,,
MOD,3,,,40,52,83,76,,,,,
MOD,3,,,40,46,65,56,,,,,
MOD,3,,,40,47,50,38,,,,,
MOD,3,,,40,46,51,27,,,,,
MOD,3,,,40,48,67,55,,,,,
MOD,3,,,40,59,75,59,,,,,
MOD,3,,,40,57,62,62,,,,,
MOD,3,,,40,52,59,55,,,,,
MOD,3,,,40,35,49,38,,,,,
MOD,3,,,40,56,82,59,,,,,
MOD,3,,,40,58,71,64,,,,,
MOD,3,,,45,53,49,40,,,,,
MOD,3,,,45,56,62,57,,,,,
MOD,3,,,45,36,39,30,,,,,
MOD,3,,,45,70,64,43,,,,,
MOD,3,,,45,54,42,36,,,,,
MOD,3,,,45,48,59,58,,,,,
MOD,3,,,45,45,38,20,,,,,
MOD,3,,,45,56,65,34,,,,,
MOD,3,,,45,51,61,37,,,,,
MOD,3,,,45,62,83,79,,,,,
MOD,3,,,45,66,88,83,,,,,
MOD,3,,,50,96,102,62,,,,,
MOD,3,,1,50,56,100,97,,,,,
MOD,3,,2,50,66,48,45,,,,,
MOD,3,,3,50,56,63,54,,,,,
MOD,3,,4,50,60,91,70,,,,,
MOD,3,,5,50,62,85,76,,,,,
MOD,3,,6,50,80,73,61,,,,,
MOD,3,,7,50,54,57,44,,,,,
MOD,3,,8,50,61,89,75,,,,,
MOD,3,,9,50,61,83,52,,,,,
MOD,3,,10,55,56,91,83,,,,,
MOD,3,,,55,62,95,80,,,,,
MOD,3,,,55,66,91,72,,,,,
MOD,3,,,55,89,134,127,,,,,
MOD,3,,,60,66,97,95,,,,,
MOD,3,,,60,76,86,89,,,,,
MOD,3,,,60,73,144,101,,,,,
MOD,3,,,60,78,114,93,,,,,
MOD,3,,,65,88,111,79,,,,,
MOD,3,,,65,85,178,134,,,,,
MOD,3,,,70,62,138,103,,,,,
MOD,3,,,70,50,79,79,,,,,
MOD,3,,,75,56,93,79,,,,,
MOD,3,,,75,59,82,74,,,,,
MOD,3,,,80,46,68,56,,,,,
MOD,3,,,80,77,72,58,,,,,
MOD,3,,,80,44,44,33,,,,,
MOD,3,,,80,57,46,50,,,,,
MOD,3,,,80,51,59,32,,,,,
MOD,3,,,80,62,72,69,,,,,
MOD,3,,,80,73,120,98,,,,,
MOD,3,,,80,75,95,83,,,,,
MOD,3,,,80,61,89,79,,,,,
MOD,3,,,80,44,50,41,,,,,
MOD,3,,,80,58,112,82,,,,,
MOD,3,,,85,51,70,63,,,,,
MOD,3,,,85,63,71,61,,,,,
MOD,3,,,85,31,24,22,,,,,
MOD,3,,,90,40,46,42,,,,,
MOD,3,,,90,42,49,42,,,,,
MOD,3,,,90,51,73,66,,,,,
MOD,3,,,90,48,62,55,,,,,
MOD,3,,,90,46,82,59,,,,,
MOD,3,,,90,61,79,75,,,,,
MOD,3,,,90,69,98,76,,,,,
MOD,3,,,90,83,122,96,,,,,
MOD,3,,,90,73,88,54,,,,,
MOD,3,,,90,63,84,79,,,,,
MOD,3,,,90,62,92,77,,,,,
MOD,3,,,95,27,19,19,,,,,
MOD,3,,,95,29,24,24,,,,,
MOD,3,,,95,58,63,43,,,,,
MOD,3,,,95,21,23,13,,,,,
MOD,3,,,95,29,35,33,,,,,
MOD,3,,,95,28,38,27,,,,,
MOD,3,,,95,37,46,36,,,,,
MOD,3,,,165,93,167,156,,,,,
MOD,3,,,95,55,49,47,,,,,
MOD,3,,,95,41,53,41,,,,,
MOD,3,,,95,27,31,22,,,,,
MOD,3,,,95,67,119,104,,,,,
MOD,3,,,95,34,44,40,,,,,
MOD,3,,,100,59,98,75,,,,,
MOD,3,,,100,55,49,30,,,,,
MOD,3,,,100,44,24,24,,,,,
MOD,3,,,100,57,59,43,,,,,
MOD,3,,,100,45,45,43,,,,,
MOD,3,,,100,66,93,65,,,,,
MOD,3,,,100,58,64,49,,,,,
MOD,3,,,100,56,57,68,,,,,
MOD,3,,,100,56,58,52,,,,,
MOD,3,,1,100,62,75,73,,,,,
MOD,3,,2,100,45,59,45,,,,,
MOD,3,,3,95,56,65,54,,,,,
MOD,3,,4,100,60,81,58,,,,,
MOD,3,,5,100,64,80,77,,,,,
MOD,3,,6,100,66,68,61,,,,,
MOD,3,,7,100,63,93,65,,,,,
MOD,3,,8,100,71,102,100,,,,,
MOD,3,,9,105,81,103,99,,,,,
MOD,3,,10,105,73,116,111,,,,,
MOD,3,,,110,75,104,102,,,,,
MOD,3,,,110,89,114,109,,,,,
MOD,3,,,110,62,74,44,,,,,
MOD,3,,,110,73,93,90,,,,,
MOD,3,,,115,73,72,64,,,,,
MOD,3,,,115,70,83,66,,,,,
MOD,3,,,115,71,106,84,,,,,
MOD,3,,,115,69,56,41,,,,,
MOD,3,,,115,53,90,82,,,,,
MOD,3,,,285,79,116,94,,,,,
MOD,3,,,120,48,78,56,,,,,
MOD,3,,,120,44,65,41,,,,,
MOD,3,,,120,64,87,51,,,,,
MOD,3,,,120,41,51,38,,,,,
MOD,3,,,120,57,94,87,,,,,
MOD,3,,,120,33,35,23,,,,,
MOD,3,,,120,48,72,68,,,,,
MOD,3,,,120,46,62,53,,,,,
MOD,3,,,125,45,59,46,,,,,
MOD,3,,,125,47,65,62,,,,,
MOD,3,,,125,53,83,74,,,,,
MOD,3,,,125,66,124,99,,,,,
MOD,3,,,125,69,115,107,,,,,
MOD,3,,,125,86,96,86,,,,,
MOD,3,,1,145,85,137,123,,,,,
MOD,3,,2,150,96,157,150,,,,,
MOD,3,,3,155,84,134,127,,,,,
MOD,3,,4,160,98,178,124,,,,,
MOD,3,,1,250,25,36,33,,,,,
MOD,3,,2,250,116,149,142,,,,,
MOD,3,,3,250,44,77,63,,,,,
SLP,1,,1,0,39,50,30,,,,,
SLP,1,,2,0,42,52,41,,,,,
SLP,1,,3,0,82,78,62,,,,,
SLP,1,,4,0,47,80,68,,,,,
SLP,1,,5,0,50,57,49,,,,,
SLP,1,,6,0,78,85,73,,,,,
SLP,1,,,0,55,72,45,,,,,
SLP,1,,,0,51,62,58,,,,,
SLP,1,,,0,59,63,46,,,,,
SLP,1,,,0,43,57,50,,,,,
SLP,1,,,0,52,49,28,,,,,
SLP,1,,7,5,45,82,80,,,,,
SLP,1,,8,5,81,86,62,,,,,
SLP,1,,9,5,42,57,34,,,,,
SLP,1,,10,5,33,45,39,,,,,
SLP,1,,,5,72,97,78,,,,,
SLP,1,,,5,66,99,98,,,,,
SLP,1,,,5,88,97,66,,,,,
SLP,1,,,5,68,101,73,,,,,
SLP,1,,,5,44,48,46,,,,,
SLP,1,,,5,60,59,49,,,,,
SLP,1,,,5,68,88,52,,,,,
SLP,1,,,5,48,67,49,,,,,
SLP,1,,,10,46,63,48,,,,,
SLP,1,,,10,68,94,87,,,,,
SLP,1,,,10,32,47,45,,,,,
SLP,1,,,10,68,102,85,,,,,
SLP,1,,,10,108,172,165,,,,,
SLP,1,,,10,83,59,49,,,,,
SLP,1,,,10,59,87,80,,,,,
SLP,1,,,10,60,61,56,,,,,
SLP,1,,,10,86,57,38,,,,,
SLP,1,,,15,63,114,85,,,,,
SLP,1,,,15,52,92,76,,,,,
SLP,1,,,15,37,50,41,,,,,
SLP,1,,,15,73,74,53,,,,,
SLP,1,,,15,94,74,58,,,,,
SLP,1,,,15,51,50,38,,,,,
SLP,1,,,15,84,85,54,,,,,
SLP,1,,,20,16,12,10,,,,,
SLP,1,,,20,51,55,52,,,,,
SLP,1,,,15,95,73,53,,,,,
SLP,1,,,15,69,98,74,,,,,
SLP,1,,,15,98,113,87,,,,,
SLP,1,,,15,105,96,75,,,,,
SLP,1,,,20,68,84,67,,,,,
SLP,1,,,20,49,79,62,,,,,
SLP,1,,,20,44,62,51,,,,,
SLP,1,,,20,82,86,72,,,,,
SLP,1,,,20,113,163,112,,,,,
SLP,1,,,25,51,49,46,,,,,
SLP,1,,,25,75,119,74,,,,,
SLP,1,,,25,59,83,59,,,,,
SLP,1,,,25,72,89,69,,,,,
SLP,1,,,25,73,85,67,,,,,
SLP,1,,,25,85,85,78,,,,,
SLP,1,,,30,67,95,88,,,,,
SLP,1,,,30,53,79,50,,,,,
SLP,1,,,30,41,62,55,,,,,
SLP,1,,,25,78,55,53,,,,,
SLP,1,,,25,55,99,84,,,,,
SLP,1,,,25,57,93,83,,,,,
SLP,1,,,30,50,86,69,,,,,
SLP,1,,,30,37,71,56,,,,,
SLP,1,,,35,47,72,68,,,,,
SLP,1,,,35,46,67,54,,,,,
SLP,1,,,35,43,62,41,,,,,
SLP,1,,,35,52,45,43,,,,,
SLP,1,,,35,38,43,19,,,,,
SLP,1,,,35,35,32,33,,,,,
SLP,1,,,35,36,43,38,,,,,
SLP,1,,,35,32,40,30,,,,,
SLP,1,,,35,51,78,44,,,,,
SLP,1,,,35,61,83,80,,,,,
SLP,1,,,35,27,40,34,,,,,
SLP,1,,,35,25,39,25,,,,,
SLP,1,,,35,37,65,46,,,,,
SLP,1,,,35,52,65,62,,,,,
SLP,1,,,40,51,45,35,,,,,
SLP,1,,,35,59,78,66,,,,,
SLP,1,,,35,43,63,48,,,,,
SLP,1,,,35,38,48,42,,,,,
SLP,1,,,35,44,57,57,,,,,
SLP,1,,,35,45,61,57,,,,,
SLP,1,,,35,34,44,42,,,,,
SLP,1,,,40,49,69,63,,,,,
SLP,1,,,40,51,57,57,,,,,
SLP,1,,,40,23,38,26,,,,,
SLP,1,,,40,57,86,78,,,,,
SLP,1,,,40,41,82,59,,,,,
SLP,1,,,40,37,53,41,,,,,
SLP,1,,1,45,58,98,90,,,,,
SLP,1,,2,45,48,77,61,,,,,
SLP,1,,,45,41,85,76,,,,,
SLP,1,,,45,36,72,45,,,,,
SLP,1,,,45,53,72,64,,,,,
SLP,1,,,45,46,93,73,,,,,
SLP,1,,,40,50,75,70,,,,,
SLP,1,,3,50,41,57,51,,,,,
SLP,1,,4,50,56,87,55,,,,,
SLP,1,,5,50,76,73,73,,,,,
SLP,1,,,55,63,114,100,,,,,
SLP,1,,,55,63,72,39,,,,,
SLP,1,,,55,59,75,55,,,,,
SLP,1,,,55,53,72,66,,,,,
SLP,1,,6,55,58,77,67,,,,,
SLP,1,,7,55,61,84,75,,,,,
SLP,1,,8,55,56,101,99,,,,,
SLP,1,,9,55,58,88,68,,,,,
SLP,1,,10,55,57,56,54,,,,,
SLP,1,,,60,71,119,116,,,,,
SLP,1,,,65,57,115,77,,,,,
SLP,1,,,70,98,112,95,,,,,
SLP,1,,,70,43,57,54,,,,,
SLP,1,,,75,98,106,104,,,,,
SLP,1,,,75,65,113,111,,,,,
SLP,1,,,75,48,82,79,,,,,
SLP,1,,,80,49,106,89,,,,,
SLP,1,,,80,37,73,82,,,,,
SLP,1,,,70,80,152,139,,,,,
SLP,1,,,75,68,114,99,,,,,
SLP,1,,,80,57,103,100,,,,,
SLP,1,,,85,78,111,110,,,,,
SLP,1,,,85,24,29,25,,,,,
SLP,1,,,85,76,134,119,,,,,
SLP,1,,,85,63,98,88,,,,,
SLP,1,,,90,54,103,91,,,,,
SLP,1,,,90,59,143,96,,,,,
SLP,1,,,90,62,109,91,,,,,
SLP,1,,,95,66,150,144,,,,,
SLP,1,,,95,49,79,74,,,,,
SLP,1,,,90,71,106,90,,,,,
SLP,1,,,90,51,87,78,,,,,
SLP,1,,1,105,40,76,64,,,,,
SLP,1,,4,115,51,73,64,,,,,
SLP,1,,5,115,78,97,76,,,,,
SLP,1,,,120,81,157,142,,,,,
SLP,1,,,120,59,85,80,,,,,
SLP,1,,,125,175,251,202,,,,,
SLP,1,,,125,87,92,86,,,,,
SLP,1,,,125,54,98,82,,,,,
SLP,1,,,125,40,32,21,,,,,
SLP,1,,,125,44,44,41,,,,,
SLP,1,,,125,47,42,29,,,,,
SLP,1,,,125,60,46,37,,,,,
SLP,1,,,125,67,49,39,,,,,
SLP,1,,,125,87,177,104,,,,,
SLP,1,,,125,31,38,33,,,,,
SLP,1,,,125,39,36,20,,,,,
SLP,1,,,130,88,107,98,,,,,
SLP,1,,,125,32,16,12,,,,,
SLP,1,,,125,33,24,26,,,,,
SLP,1,,,125,31,22,14,,,,,
SLP,1,,,125,156,179,178,,,,,
SLP,1,,,130,180,175,165,,,,,
SLP,1,,,130,97,146,111,,,,,
SLP,1,,1,140,37,57,56,,,,,
SLP,1,,2,160,59,95,95,,,,,
SLP,1,,3,170,45,101,81,,,,,
SLP,1,,1,240,68,133,120,,,,,
SLP,1,,2,245,97,55,52,,,,,
SLP,1,,,250,142,348,200,,,,,
SLP,1,,,250,48,50,49,,,,,
SLP,1,,,295,74,77,76,,,,,
SLP,1,,,295,56,85,81,,,,,
SLP,1,,,295,80,111,102,,,,,
SLP,1,,,295,29,94,72,,,,,
SLP,1,,,295,56,59,53,,,,,
SLP,1,,,295,61,100,78,,,,,
SLP,1,,,295,53,80,78,,,,,
SLP,1,,1,295,27,31,26,,,,,
SLP,1,,2,295,49,74,72,,,,,
SLP,1,,3,300,53,75,66,,,,,
SLP,1,,4,300,58,76,68,,,,,
SLP,1,,5,300,56,86,72,,,,,
SLP,1,,,305,80,124,74,,,,,
SLP,1,,,305,77,80,46,,,,,
SLP,1,,,300,78,100,89,,,,,
SLP,1,,,305,142,194,133,,,,,
SLP,1,,,305,103,119,98,,,,,
SLP,1,,,305,128,80,63,,,,,
SLP,1,,,305,66,93,42,,,,,
SLP,1,,,305,59,100,75,,,,,
SLP,1,,,310,65,83,76,,,,,
SLP,1,,,305,121,87,79,,,,,
SLP,1,,,310,51,26,24,,,,,
SLP,1,,,305,153,138,69,,,,,
SLP,1,,,310,117,190,113,,,,,
SLP,1,,,310,78,94,81,,,,,
SLP,1,,,310,732,127,121,,,,,
SLP,1,,,310,66,88,64,,,,,
SLP,1,,,310,50,49,42,,,,,
SLP,1,,,310,92,84,60,,,,,
SLP,1,,,320,78,125,123,,,,,
SLP,1,,,335,83,134,119,,,,,
SLP,1,,,340,68,110,100,,,,,
SLP,1,,,340,45,59,48,,,,,
SLP,1,,,340,42,60,56,,,,,
SLP,1,,,340,53,83,76,,,,,
SLP,1,,,345,42,58,47,,,,,
SLP,1,,,345,39,73,45,,,,,
SLP,1,,1,350,60,93,83,,,,,
SLP,1,,2,350,53,76,62,,,,,
SLP,1,,3,345,60,87,77,,,,,
SLP,1,,4,345,35,43,34,,,,,
SLP,1,,5,340,45,67,62,,,,,
SLP,1,,6,355,62,92,89,,,,,
SLP,1,,,370,32,66,50,,,,,
SLP,1,,,370,108,123,97,,,,,
SLP,1,,,370,57,87,81,,,,,
SLP,1,,,370,112,171,167,,,,,
SLP,1,,,375,45,70,66,,,,,
SLP,1,,,370,50,47,37,,,,,
SLP,1,,,375,88,137,190,,,,,
SLP,1,,,380,87,157,142,,,,,
SLP,1,,1,435,32,46,36,,,,,
SLP,1,,2,435,24,42,42,,,,,
SLP,1,,3,440,14,14,10,,,,,
SLP,1,,4,445,55,87,83,,,,,
SLP,1,,5,445,44,64,63,,,,,
SLP,2,,1,0,35,71,58,,,,,
SLP,2,,2,0,38,56,47,,,,,
SLP,2,,3,0,71,90,62,,,,,
SLP,2,,4,0,41,83,60,,,,,
SLP,2,,5,0,32,47,37,,,,,
SLP,2,,6,0,52,556,49,,,,,
SLP,2,,7,0,68,91,74,,,,,
SLP,2,,,0,45,72,51,,,,,
SLP,2,,,0,39,65,56,,,,,
SLP,2,,,0,48,80,66,,,,,
SLP,2,,,0,48,70,67,,,,,
SLP,2,,,0,28,25,19,,,,,
SLP,2,,,0,85,121,39,,,,,
SLP,2,,,5,57,98,93,,,,,
SLP,2,,,5,75,92,62,,,,,
SLP,2,,,5,97,98,98,,,,,
SLP,2,,,5,94,63,38,,,,,
SLP,2,,,5,109,161,127,,,,,
SLP,2,,,5,87,74,43,,,,,
SLP,2,,8,5,109,133,99,,,,,
SLP,2,,9,5,95,91,71,,,,,
SLP,2,,10,5,101,122,88,,,,,
SLP,2,,,10,77,100,94,,,,,
SLP,2,,,10,84,90,74,,,,,
SLP,2,,,10,55,59,55,,,,,
SLP,2,,,10,56,102,81,,,,,
SLP,2,,,10,92,79,64,,,,,
SLP,2,,,10,67,79,76,,,,,
SLP,2,,,10,97,99,97,,,,,
SLP,2,,,10,52,121,98,,,,,
SLP,2,,,10,81,114,104,,,,,
SLP,2,,,10,93,124,97,,,,,
SLP,2,,,10,109,104,74,,,,,
SLP,2,,,15,108,109,95,,,,,
SLP,2,,,15,59,64,45,,,,,
SLP,2,,,15,74,86,84,,,,,
SLP,2,,,15,70,108,82,,,,,
SLP,2,,,15,117,89,78,,,,,
SLP,2,,,15,99,129,127,,,,,
SLP,2,,,15,52,58,55,,,,,
SLP,2,,,15,73,89,69,,,,,
SLP,2,,,15,106,97,96,,,,,
SLP,2,,,15,42,64,40,,,,,
SLP,2,,,15,82,82,52,,,,,
SLP,2,,,15,79,98,77,,,,,
SLP,2,,,20,80,87,69,,,,,
SLP,2,,,20,44,56,43,,,,,
SLP,2,,,20,89,129,94,,,,,
SLP,2,,,15,111,61,60,,,,,
SLP,2,,,15,45,59,51,,,,,
SLP,2,,,15,46,56,52,,,,,
SLP,2,,,15,75,57,64,,,,,
SLP,2,,,20,72,84,43,,,,,
SLP,2,,,20,91,113,90,,,,,
SLP,2,,,20,71,56,31,,,,,
SLP,2,,,20,117,124,113,,,,,
SLP,2,,,25,71,95,88,,,,,
SLP,2,,,25,68,84,70,,,,,
SLP,2,,,25,62,75,64,,,,,
SLP,2,,,25,62,75,53,,,,,
SLP,2,,,20,40,52,45,,,,,
SLP,2,,,20,72,88,65,,,,,
SLP,2,,,25,93,93,93,,,,,
SLP,2,,,25,56,100,75,,,,,
SLP,2,,,25,57,62,61,,,,,
SLP,2,,,25,35,52,44,,,,,
SLP,2,,,30,78,112,88,,,,,
SLP,2,,,30,92,129,118,,,,,
SLP,2,,,25,42,68,64,,,,,
SLP,2,,,30,119,132,101,,,,,
SLP,2,,,30,57,76,71,,,,,
SLP,2,,,35,67,97,88,,,,,
SLP,2,,,35,34,47,34,,,,,
SLP,2,,,35,43,82,65,,,,,
SLP,2,,,40,36,93,84,,,,,
SLP,2,,,40,46,66,35,,,,,
SLP,2,,,45,89,104,98,,,,,
SLP,2,,1,45,47,80,37,,,,,
SLP,2,,3,45,63,116,111,,,,,
SLP,2,,4,50,44,71,71,,,,,
SLP,2,,5,50,31,49,47,,,,,
SLP,2,,,70,89,110,91,,,,,
SLP,2,,,70,122,151,142,,,,,
SLP,2,,,70,68,89,59,,,,,
SLP,2,,,70,74,99,99,,,,,
SLP,2,,,80,110,178,139,,,,,
SLP,2,,,85,129,133,99,,,,,
SLP,2,,,85,160,210,186,,,,,
SLP,2,,5,105,32,59,52,,,,,
SLP,2,,6,100,14,33,26,,,,,
SLP,2,,,110,102,134,118,,,,,
SLP,2,,2-110-7,110,11,23,13,,,,,
SLP,2,,2-110-8,110,13,27,20,,,,,
SLP,2,,2-110-9,110,33,47,42,,,,,
SLP,2,,,120,49,75,59,,,,,
SLP,2,,,130,130,247,199,,,,,
SLP,2,,,140,25,29,18,,,,,
SLP,2,,2-110-10,110,7,5,5,,,,,
SLP,2,,2-110-11,110,10,17,12,,,,,
SLP,2,,,215,67,103,92,,,,,
SLP,2,,,215,13,22,17,,,,,
SLP,2,,,220,254,141,122,,,,,
SLP,2,,,230,113,142,123,,,,,
SLP,2,,,230,20,26,26,,,,,
SLP,2,,,230,24,42,39,,,,,
SLP,2,,1,255,71,126,120,,,,,
SLP,2,,,275,284,200,152,,,,,
SLP,2,,1,290,45,71,68,,,,,
SLP,2,,1,455,45,66,61,,,,,
SLP,2,,2,455,66,76,75,,,,,
SLP,2,,3,455,49,77,44,,,,,
SLP,2,,4,455,78,100,95,,,,,
SLP,2,,5,460,41,59,47,,,,,
SLP,3,,1,0,17,34,19,,,,,
SLP,3,,2,0,42,61,56,,,,,
SLP,3,,3,0,22,41,30,,,,,
SLP,3,,4,0,21,32,21,,,,,
SLP,3,,5,0,37,78,63,,,,,
SLP,3,,6,0,41,59,53,,,,,
SLP,3,,7,0,31,37,30,,,,,
SLP,3,,8,0,44,53,49,,,,,
SLP,3,,9,5,42,70,60,,,,,
SLP,3,,10,5,45,58,51,,,,,
SLP,3,,,5,47,53,458,,,,,
SLP,3,,,10,47,66,49,,,,,
SLP,3,,,10,44,32,29,,,,,
SLP,3,,,10,46,65,58,,,,,
SLP,3,,,10,59,85,75,,,,,
SLP,3,,,10,40,60,53,,,,,
SLP,3,,,15,38,42,35,,,,,
SLP,3,,,15,35,62,59,,,,,
SLP,3,,,15,26,38,24,,,,,
SLP,3,,,15,28,35,33,,,,,
SLP,3,,,15,52,63,54,,,,,
SLP,3,,,15,64,90,75,,,,,
SLP,3,,,15,84,109,102,,,,,
SLP,3,,,15,36,67,53,,,,,
SLP,3,,,15,33,45,42,,,,,
SLP,3,,,20,39,50,43,,,,,
SLP,3,,,20,44,54,38,,,,,
SLP,3,,,20,46,68,47,,,,,
SLP,3,,,20,43,48,34,,,,,
SLP,3,,,20,48,64,48,,,,,
SLP,3,,,20,56,75,69,,,,,
SLP,3,,,20,43,42,38,,,,,
SLP,3,,,20,41,31,31,,,,,
SLP,3,,,20,38,47,43,,,,,
SLP,3,,,25,48,77,66,,,,,
SLP,3,,,25,56,76,73,,,,,
SLP,3,,,25,27,40,33,,,,,
SLP,3,,,25,37,64,54,,,,,
SLP,3,,,25,53,72,66,,,,,
SLP,3,,,25,37,53,38,,,,,
SLP,3,,,25,44,73,66,,,,,
SLP,3,,,25,39,43,32,,,,,
SLP,3,,,25,45,52,52,,,,,
SLP,3,,,30,39,61,53,,,,,
SLP,3,,,25,37,54,34,,,,,
SLP,3,,,25,62,61,59,,,,,
SLP,3,,,30,41,75,70,,,,,
SLP,3,,,30,49,96,63,,,,,
SLP,3,,,30,42,70,46,,,,,
SLP,3,,,30,31,39,31,,,,,
SLP,3,,,30,52,67,53,,,,,
SLP,3,,,35,45,57,44,,,,,
SLP,3,,,35,48,50,44,,,,,
SLP,3,,,35,37,44,28,,,,,
SLP,3,,,35,41,58,51,,,,,
SLP,3,,,35,49,67,59,,,,,
SLP,3,,,35,40,53,46,,,,,
SLP,3,,,35,66,53,48,,,,,
SLP,3,,,40,51,65,63,,,,,
SLP,3,,,40,65,63,62,,,,,
SLP,3,,,40,47,83,68,,,,,
SLP,3,,,40,39,49,41,,,,,
SLP,3,,,40,49,66,59,,,,,
SLP,3,,,40,33,58,52,,,,,
SLP,3,,,45,42,70,37,,,,,
SLP,3,,,45,44,57,29,,,,,
SLP,3,,,45,45,56,55,,,,,
SLP,3,,,45,56,94,85,,,,,
SLP,3,,,35,66,97,83,,,,,
SLP,3,,,35,76,102,97,,,,,
SLP,3,,,40,24,36,25,,,,,
SLP,3,,,40,64,109,93,,,,,
SLP,3,,,45,47,80,56,,,,,
SLP,3,,,45,48,91,77,,,,,
SLP,3,,,45,39,46,42,,,,,
SLP,3,,,45,51,68,53,,,,,
SLP,3,,,45,42,56,46,,,,,
SLP,3,,,45,79,101,89,,,,,
SLP,3,,,45,57,93,80,,,,,
SLP,3,,,45,36,62,48,,,,,
SLP,3,,,45,42,67,54,,,,,
SLP,3,,1,50,64,71,59,,,,,
SLP,3,,2,50,72,110,103,,,,,
SLP,3,,3,50,43,63,37,,,,,
SLP,3,,4,50,52,66,48,,,,,
SLP,3,,5,50,44,57,45,,,,,
SLP,3,,6,50,71,79,72,,,,,
SLP,3,,7,50,42,50,44,,,,,
SLP,3,,8,55,48,77,69,,,,,
SLP,3,,9,55,47,68,67,,,,,
SLP,3,,10,55,62,73,69,,,,,
SLP,3,,,55,68,93,76,,,,,
SLP,3,,,55,52,74,65,,,,,
SLP,3,,,55,40,45,38,,,,,
SLP,3,,,55,69,95,90,,,,,
SLP,3,,,55,33,45,37,,,,,
SLP,3,,,55,33,44,37,,,,,
SLP,3,,,60,55,72,58,,,,,
SLP,3,,,60,43,66,54,,,,,
SLP,3,,,60,51,92,75,,,,,
SLP,3,,,60,56,79,70,,,,,
SLP,3,,,60,42,68,51,,,,,
SLP,3,,,65,44,77,70,,,,,
SLP,3,,,65,63,120,108,,,,,
SLP,3,,,65,62,101,101,,,,,
SLP,3,,,65,50,59,58,,,,,
SLP,3,,,65,77,107,102,,,,,
SLP,3,,,70,52,66,66,,,,,
SLP,3,,,70,56,103,103,,,,,
SLP,3,,,70,23,64,57,,,,,
SLP,3,,,75,69,130,123,,,,,
SLP,3,,,75,51,98,97,,,,,
SLP,3,,,75,50,85,73,,,,,
SLP,3,,,75,41,70,52,,,,,
SLP,3,,,80,63,126,72,,,,,
SLP,3,,,80,48,87,54,,,,,
SLP,3,,,80,53,64,58,,,,,
SLP,3,,,80,38,44,40,,,,,
SLP,3,,,80,36,59,56,,,,,
SLP,3,,,80,73,115,91,,,,,
SLP,3,,,80,119,107,104,,,,,
SLP,3,,,85,100,148,96,,,,,
SLP,3,,,95,108,107,112,,,,,
SLP,3,,,95,66,103,91,,,,,
SLP,3,,,95,48,73,67,,,,,
SLP,3,,,95,42,72,50,,,,,
SLP,3,,1,100,58,75,69,,,,,
SLP,3,,2,100,53,86,68,,,,,
SLP,3,,3,100,49,81,70,,,,,
SLP,3,,4,100,58,124,105,,,,,
SLP,3,,5,100,47,57,35,,,,,
SLP,3,,6,105,68,101,82,,,,,
SLP,3,,7,105,115,97,79,,,,,
SLP,3,,8,100,76,125,63,,,,,
SLP,3,,9,105,46,67,60,,,,,
SLP,3,,10,105,47,74,74,,,,,
SLP,3,,,105,38,67,38,,,,,
SLP,3,,,110,54,90,75,,,,,
SLP,3,,,110,39,53,52,,,,,
SLP,3,,,135,58,53,35,,,,,
SLP,3,,,135,99,98,6,,,,,
SLP,3,,,140,30,29,28,,,,,
SLP,3,,,140,8,11,11,,,,,
SLP,3,,,140,38,26,21,,,,,
SLP,3,,,140,13,16,11,,,,,
SLP,3,,,140,51,73,64,,,,,
SLP,3,,,140,116,114,98,,,,,
SLP,3,,,140,87,98,54,,,,,
SLP,3,,,140,93,152,136,,,,,
SLP,3,,,145,23,31,31,,,,,
SLP,3,,,145,33,32,28,,,,,
SLP,3,,,145,103,131,101,,,,,
SLP,3,,,145,36,47,32,,,,,
SLP,3,,,145,44,45,37,,,,,
SLP,3,,,145,49,38,33,,,,,
SLP,3,,,145,138,159,157,,,,,
SLP,3,,,145,54,53,52,,,,,
SLP,3,,1,150,60,98,95,,,,,
SLP,3,,2,150,105,108,98,,,,,
SLP,3,,3,150,121,200,198,,,,,
SLP,3,,4,155,115,166,135,,,,,
SLP,3,,5,155,71,140,133,,,,,
SLP,3,,6,160,71,142,130,,,,,
SLP,3,,7,165,76,148,107,,,,,
SLP,3,,8,165,29,23,19,,,,,
SLP,3,,9,165,47,65,56,,,,,
SLP,3,,,155,130,178,109,,,,,
SLP,3,,,155,108,148,89,,,,,
SLP,3,,,160,18,22,19,,,,,
SLP,3,,,160,80,105,79,,,,,
SLP,3,,,160,33,22,17,,,,,
SLP,3,,,170,51,91,81,,,,,
SLP,3,,,180,122,203,104,,,,,
SLP,3,,1,180,21,28,26,,,,,
SLP,3,,2,195,63,94,93,,,,,
SLP,3,,3,200,65,118,86,,,,,
SLP,3,,,290,83,132,131,,,,,
SLP,3,,,290,62,174,141,,,,,
SLP,3,,,210,73,105,77,,,,,
SLP,3,,,290,55,108,107,,,,,
SLP,3,,,290,54,148,120,,,,,
SLP,3,,,220,67,97,75,,,,,
SLP,3,,,285,29,35,29,,,,,
SLP,3,,,220,20,33,28,,,,,
SLP,3,,,220,67,93,82,,,,,
SLP,3,,,225,81,130,119,,,,,
SLP,3,,,250,63,88,84,,,,,
SLP,3,,,225,64,98,111,,,,,
SLP,3,,1,255,68,113,90,,,,,
SLP,3,,1,295,88,123,122,,,,,
PDC,1,,1,0,66,83,77,,,,,
PDC,1,,2,0,116,114,79,,,,,
PDC,1,,3,0,42,49,45,,,,,
PDC,1,,4,0,93,96,53,,,,,
PDC,1,,5,0,57,48,26,,,,,
PDC,1,,6,0,48,50,49,,,,,
PDC,1,,7,0,38,97,59,,,,,
PDC,1,,8,0,67,84,74,,,,,
PDC,1,,9,0,72,55,55,,,,,
PDC,1,,10,0,35,26,22,,,,,
PDC,1,,,0,40,39,22,,,,,
PDC,1,,,0,43,47,27,,,,,
PDC,1,,,0,37,41,37,,,,,
PDC,1,,,0,89,124,118,,,,,
PDC,1,,,0,44,72,88,,,,,
PDC,1,,,0,47,68,49,,,,,
PDC,1,,,0,74,78,56,,,,,
PDC,1,,,0,57,67,42,,,,,
PDC,1,,,0,58,67,58,,,,,
PDC,1,,,5,92,142,95,,,,,
PDC,1,,,5,45,58,51,,,,,
PDC,1,,,5,41,54,40,,,,,
PDC,1,,,5,51,57,52,,,,,
PDC,1,,,5,45,99,78,,,,,
PDC,1,,,5,41,53,45,,,,,
PDC,1,,,5,56,43,38,,,,,
PDC,1,,,5,44,62,54,,,,,
PDC,1,,,5,71,84,52,,,,,
PDC,1,,,5,71,92,84,,,,,
PDC,1,,,10,64,101,90,,,,,
PDC,1,,,10,34,53,43,,,,,
PDC,1,,,10,41,66,53,,,,,
PDC,1,,,10,74,113,106,,,,,
PDC,1,,,10,19,11,10,,,,,
PDC,1,,,10,53,62,39,,,,,
PDC,1,,,10,67,66,62,,,,,
PDC,1,,,10,71,106,96,,,,,
PDC,1,,,10,41,51,27,,,,,
PDC,1,,,10,42,50,32,,,,,
PDC,1,,,15,52,43,41,,,,,
PDC,1,,,15,51,54,34,,,,,
PDC,1,,,15,93,92,91,,,,,
PDC,1,,,15,62,143,94,,,,,
PDC,1,,,15,59,76,61,,,,,
PDC,1,,,15,92,80,73,,,,,
PDC,1,,,15,75,72,63,,,,,
PDC,1,,,15,62,84,73,,,,,
PDC,1,,,15,56,97,58,,,,,
PDC,1,,,15,61,91,82,,,,,
PDC,1,,,15,49,82,60,,,,,
PDC,1,,,20,85,103,87,,,,,
PDC,1,,,20,88,137,114,,,,,
PDC,1,,,20,67,84,81,,,,,
PDC,1,,,20,72,99,84,,,,,
PDC,1,,,25,85,143,108,,,,,
PDC,1,,,30,138,143,139,,,,,
PDC,1,,,35,58,81,80,,,,,
PDC,1,,,35,120,180,135,,,,,
PDC,1,,,40,122,211,200,,,,,
PDC,1,,,40,78,44,66,,,,,
PDC,1,,1,50,100,162,175,,,,,
PDC,1,,2,50,37,47,44,,,,,
PDC,1,,3,50,117,62,62,,,,,
PDC,1,,4,50,107,168,139,,,,,
PDC,1,,5,50,81,76,69,,,,,
PDC,1,,6,50,98,86,70,,,,,
PDC,1,,7,50,67,44,41,,,,,
PDC,1,,,65,87,197,142,,,,,
PDC,1,,,80,40,37,37,,,,,
PDC,1,,,80,33,56,31,,,,,
PDC,1,,1,100,85,112,84,,,,,
PDC,1,,2,100,47,64,54,,,,,
PDC,1,,3,100,46,59,47,,,,,
PDC,1,,1,150,96,187,113,,,,,
PDC,1,,1,200,172,265,162,,,,,
PDC,1,,2,200,30,28,19,,,,,
PDC,1,,3,200,15,14,12,,,,,
PDC,2,,1,0,29,36,27,,,,,
PDC,2,,2,0,61,40,110,,,,,
PDC,2,,3,0,52,85,85,,,,,
PDC,2,,4,0,79,110,100,,,,,
PDC,2,,5,0,18,26,21,,,,,
PDC,2,,6,0,83,137,123,,,,,
PDC,2,,7,0,52,95,82,,,,,
PDC,2,,8,0,35,68,30,,,,,
PDC,2,,9,0,56,82,77,,,,,
PDC,2,,10,0,84,75,45,,,,,
PDC,2,,,0,86,108,97,,,,,
PDC,2,,,5,50,80,62,,,,,
PDC,2,,,5,31,46,46,,,,,
PDC,2,,,5,57,69,67,,,,,
PDC,2,,,5,58,91,82,,,,,
PDC,2,,,10,47,43,34,,,,,
PDC,2,,,10,39,43,42,,,,,
PDC,2,,,10,89,84,90,,,,,
PDC,2,,,10,95,121,129,,,,,
PDC,2,,,10,56,72,47,,,,,
PDC,2,,,10,29,46,36,,,,,
PDC,2,,,10,72,117,84,,,,,
PDC,2,,,10,18,27,22,,,,,
PDC,2,,,10,98,124,108,,,,,
PDC,2,,,10,64,97,47,,,,,
PDC,2,,,10,79,120,62,,,,,
PDC,2,,,15,62,92,55,,,,,
PDC,2,,,15,87,88,64,,,,,
PDC,2,,,15,63,63,58,,,,,
PDC,2,,,15,39,54,52,,,,,
PDC,2,,,15,39,52,63,,,,,
PDC,2,,,15,63,71,51,,,,,
PDC,2,,,15,47,33,32,,,,,
PDC,2,,,15,61,92,62,,,,,
PDC,2,,,15,87,103,71,,,,,
PDC,2,,,15,80,121,112,,,,,
PDC,2,,,15,62,82,64,,,,,
PDC,2,,,15,42,51,29,,,,,
PDC,2,,,15,90,140,112,,,,,
PDC,2,,,15,68,82,47,,,,,
PDC,2,,,15,60,94,51,,,,,
PDC,2,,,20,63,67,60,,,,,
PDC,2,,,20,50,69,43,,,,,
PDC,2,,,20,106,133,108,,,,,
PDC,2,,,20,64,85,71,,,,,
PDC,2,,,20,65,110,100,,,,,
PDC,2,,,20,57,64,57,,,,,
PDC,2,,,20,77,91,74,,,,,
PDC,2,,,20,49,39,37,,,,,
PDC,2,,,20,95,119,85,,,,,
PDC,2,,,20,54,85,84,,,,,
PDC,2,,,20,47,80,59,,,,,
PDC,2,,,25,45,55,45,,,,,
PDC,2,,,25,60,59,47,,,,,
PDC,2,,,25,81,96,67,,,,,
PDC,2,,,25,82,68,52,,,,,
PDC,2,,,25,64,102,88,,,,,
PDC,2,,,25,87,106,101,,,,,
PDC,2,,,25,73,118,111,,,,,
PDC,2,,,25,89,86,65,,,,,
PDC,2,,,25,43,44,40,,,,,
PDC,2,,,30,28,40,31,,,,,
PDC,2,,,30,73,147,132,,,,,
PDC,2,,,30,108,150,121,,,,,
PDC,2,,,30,62,67,54,,,,,
PDC,2,,,30,53,74,83,,,,,
PDC,2,,,30,33,33,24,,,,,
PDC,2,,,30,26,51,50,,,,,
PDC,2,,,30,68,142,109,,,,,
PDC,2,,,35,60,74,71,,,,,
PDC,2,,,35,74,87,48,,,,,
PDC,2,,,35,43,42,31,,,,,
PDC,2,,,35,72,83,77,,,,,
PDC,2,,,35,54,43,33,,,,,
PDC,2,,,35,49,84,78,,,,,
PDC,2,,,40,55,79,79,,,,,
PDC,2,,,40,61,93,74,,,,,
PDC,2,,,40,72,129,119,,,,,
PDC,2,,,40,102,187,171,,,,,
PDC,2,,,45,87,117,91,,,,,
PDC,2,,,45,97,146,104,,,,,
PDC,2,,,45,81,92,48,,,,,
PDC,2,,,45,117,170,120,,,,,
PDC,2,,1,50,43,34,23,,,,,
PDC,2,,2,50,29,35,39,,,,,
PDC,2,,3,50,96,91,83,,,,,
PDC,2,,4,50,114,198,176,,,,,
PDC,2,,5,50,37,42,22,,,,,
PDC,2,,6,50,10,14,12,,,,,
PDC,2,,7,50,77,122,106,,,,,
PDC,2,,8,50,32,39,29,,,,,
PDC,2,,9,50,90,137,122,,,,,
PDC,2,,10,50,70,73,68,,,,,
PDC,2,,,50,90,109,79,,,,,
PDC,2,,,50,78,157,130,,,,,
PDC,2,,,50,59,75,63,,,,,
PDC,2,,,50,69,105,79,,,,,
PDC,2,,,50,97,121,100,,,,,
PDC,2,,,50,89,128,111,,,,,
PDC,2,,,50,72,61,52,,,,,
PDC,2,,,55,58,106,65,,,,,
PDC,2,,,55,80,117,103,,,,,
PDC,2,,,55,59,68,63,,,,,
PDC,2,,,55,51,61,42,,,,,
PDC,2,,,55,71,90,58,,,,,
PDC,2,,,55,85,78,71,,,,,
PDC,2,,,55,41,52,27,,,,,
PDC,2,,,60,63,88,72,,,,,
PDC,2,,,60,82,101,71,,,,,
PDC,2,,,60,32,45,42,,,,,
PDC,2,,,60,110,97,87,,,,,
PDC,2,,,60,92,121,116,,,,,
PDC,2,,,60,95,83,77,,,,,
PDC,2,,,65,93,130,96,,,,,
PDC,2,,,65,80,109,104,,,,,
PDC,2,,,75,130,145,122,,,,,
PDC,2,,,80,70,34,20,,,,,
PDC,2,,,80,101,139,109,,,,,
PDC,2,,,80,54,78,65,,,,,
PDC,2,,,85,87,134,113,,,,,
PDC,2,,,85,85,106,76,,,,,
PDC,2,,,85,77,119,112,,,,,
PDC,2,,1,100,90,136,128,,,,,
PDC,2,,2,100,64,90,76,,,,,
PDC,2,,3,100,120,173,138,,,,,
PDC,2,,,125,126,147,133,,,,,
PDC,2,,,125,98,200,81,,,,,
PDC,2,,1,150,120,126,112,,,,,
PDC,2,,1,200,99,155,120,,,,,
PDC,2,,2,200,40,65,42,,,,,
PDC,3,,1,0,37,55,54,,,,,
PDC,3,,2,0,56,78,53,,,,,
PDC,3,,3,0,68,94,85,,,,,
PDC,3,,4,0,67,90,94,,,,,
PDC,3,,5,0,72,92,87,,,,,
PDC,3,,6,0,36,52,48,,,,,
PDC,3,,7,0,111,169,171,,,,,
PDC,3,,8,0,42,102,65,,,,,
PDC,3,,,10,60,76,62,,,,,
PDC,3,,,10,76,117,117,,,,,
PDC,3,,,10,52,93,70,,,,,
PDC,3,,,10,52,74,65,,,,,
PDC,3,,,10,56,89,61,,,,,
PDC,3,,,10,58,71,53,,,,,
PDC,3,,,10,41,42,31,,,,,
PDC,3,,,10,82,119,75,,,,,
PDC,3,,,10,31,59,50,,,,,
PDC,3,,,15,52,50,50,,,,,
PDC,3,,,15,53,67,58,,,,,
PDC,3,,,15,64,109,86,,,,,
PDC,3,,,15,52,51,31,,,,,
PDC,3,,,15,62,81,44,,,,,
PDC,3,,,15,66,96,73,,,,,
PDC,3,,,15,51,63,55,,,,,
PDC,3,,,15,83,63,54,,,,,
PDC,3,,,15,54,92,87,,,,,
PDC,3,,,15,34,38,35,,,,,
PDC,3,,,15,72,78,58,,,,,
PDC,3,,,15,51,47,26,,,,,
PDC,3,,,15,44,49,43,,,,,
PDC,3,,,15,50,70,63,,,,,
PDC,3,,,15,64,74,56,,,,,
PDC,3,,,15,45,41,31,,,,,
PDC,3,,,15,14,32,24,,,,,
PDC,3,,,20,55,76,54,,,,,
PDC,3,,,20,37,72,60,,,,,
PDC,3,,,20,21,25,17,,,,,
PDC,3,,,20,19,28,26,,,,,
PDC,3,,,20,73,97,52,,,,,
PDC,3,,,20,33,58,31,,,,,
PDC,3,,,20,54,84,56,,,,,
PDC,3,,,20,43,46,29,,,,,
PDC,3,,,20,64,75,63,,,,,
PDC,3,,,20,47,89,51,,,,,
PDC,3,,,20,25,34,19,,,,,
PDC,3,,,20,28,40,33,,,,,
PDC,3,,,20,45,55,33,,,,,
PDC,3,,,20,48,39,47,,,,,
PDC,3,,,20,21,33,34,,,,,
PDC,3,,,20,52,56,38,,,,,
PDC,3,,,20,37,60,44,,,,,
PDC,3,,,20,54,81,62,,,,,
PDC,3,,,20,15,21,12,,,,,
PDC,3,,,20,43,51,50,,,,,
PDC,3,,,20,16,22,17,,,,,
PDC,3,,,20,39,76,59,,,,,
PDC,3,,,20,47,60,50,,,,,
PDC,3,,,20,19,24,15,,,,,
PDC,3,,,20,57,86,71,,,,,
PDC,3,,,20,35,42,27,,,,,
PDC,3,,,20,63,127,96,,,,,
PDC,3,,,20,63,71,57,,,,,
PDC,3,,,25,61,86,57,,,,,
PDC,3,,,25,94,129,100,,,,,
PDC,3,,,25,77,122,79,,,,,
PDC,3,,,25,87,113,101,,,,,
PDC,3,,,25,49,71,38,,,,,
PDC,3,,,25,44,55,31,,,,,
PDC,3,,,25,64,47,36,,,,,
PDC,3,,,30,71,78,55,,,,,
PDC,3,,,30,58,91,82,,,,,
PDC,3,,,30,62,122,109,,,,,
PDC,3,,,30,83,116,78,,,,,
PDC,3,,,30,51,102,120,,,,,
PDC,3,,,30,34,48,47,,,,,
PDC,3,,,30,60,54,53,,,,,
PDC,3,,,30,27,41,42,,,,,
PDC,3,,,30,63,109,98,,,,,
PDC,3,,,30,51,91,59,,,,,
PDC,3,,,35,46,74,67,,,,,
PDC,3,,,35,100,102,73,,,,,
PDC,3,,,35,48,67,61,,,,,
PDC,3,,,35,30,61,57,,,,,
PDC,3,,,40,54,108,98,,,,,
PDC,3,,,40,102,130,109,,,,,
PDC,3,,,40,100,125,119,,,,,
PDC,3,,,40,82,84,83,,,,,
PDC,3,,,45,62,120,102,,,,,
PDC,3,,,45,97,123,115,,,,,
PDC,3,,,45,61,111,84,,,,,
PDC,3,,,45,87,104,98,,,,,
PDC,3,,1,50,51,112,83,,,,,
PDC,3,,2,50,78,150,142,,,,,
PDC,3,,3,50,47,63,58,,,,,
PDC,3,,4,50,41,54,51,,,,,
PDC,3,,5,50,84,148,104,,,,,
PDC,3,,6,50,98,169,103,,,,,
PDC,3,,7,50,31,72,71,,,,,
PDC,3,,8,50,76,96,95,,,,,
PDC,3,,9,50,53,86,86,,,,,
PDC,3,,10,50,88,111,80,,,,,
PDC,3,,,60,53,126,106,,,,,
PDC,3,,,60,46,86,71,,,,,
PDC,3,,,60,48,49,47,,,,,
PDC,3,,,60,77,120,79,,,,,
PDC,3,,,60,85,98,90,,,,,
PDC,3,,,60,51,67,45,,,,,
PDC,3,,,65,75,142,129,,,,,
PDC,3,,,65,130,190,175,,,,,
PDC,3,,,65,81,182,162,,,,,
PDC,3,,,65,84,97,77,,,,,
PDC,3,,,70,68,110,59,,,,,
PDC,3,,,70,116,129,111,,,,,
PDC,3,,,70,114,213,74,,,,,
PDC,3,,,70,113,172,127,,,,,
PDC,3,,,70,76,57,55,,,,,
PDC,3,,,70,56,58,54,,,,,
PDC,3,,,70,57,53,33,,,,,
PDC,3,,,70,110,153,115,,,,,
PDC,3,,,70,56,80,57,,,,,
PDC,3,,,75,100,131,127,,,,,
PDC,3,,,75,76,97,95,,,,,
PDC,3,,,75,107,116,80,,,,,
PDC,3,,,75,64,95,94,,,,,
PDC,3,,,75,60,51,52,,,,,
PDC,3,,,75,78,97,78,,,,,
PDC,3,,,85,52,93,73,,,,,
PDC,3,,,85,78,89,79,,,,,
PDC,3,,,90,54,67,63,,,,,
PDC,3,,,90,38,52,47,,,,,
PDC,3,,,90,49,42,33,,,,,
PDC,3,,,90,103,119,97,,,,,
PDC,3,,1,100,94,148,137,,,,,
PDC,3,,2,100,99,160,122,,,,,
PDC,3,,3,100,128,154,147,,,,,
PDC,3,,4,100,196,223,203,,,,,
PDC,3,,5,100,96,168,135,,,,,
PDC,3,,6,100,99,105,77,,,,,
PDC,3,,7,100,108,133,100,,,,,
PDC,3,,,120,48,56,54,,,,,
PDC,3,,,120,407,224,188,,,,,
PDC,3,,,135,98,127,12,,,,,
PDC,3,,,145,74,130,86,,,,,
PDC,3,,,145,65,108,102,,,,,
PDC,3,,,145,67,102,98,,,,,
PDC,3,,,145,90,116,102,,,,,
PDC,3,,,145,91,97,68,,,,,
PDC,3,,1,150,48,87,62,,,,,
PDC,3,,2,150,102,158,152,,,,,
PDC,3,,3,150,33,50,37,,,,,
PDC,3,,4,150,107,219,209,,,,,
PDC,3,,5,150,123,187,129,,,,,
PDC,3,,,160,32,37,37,,,,,
PDC,3,,,165,113,46,213,,,,,
PDC,3,,,170,63,13,95,,,,,
PDC,3,,,175,34,52,43,,,,,
PDC,3,,,185,83,114,93,,,,,
PDC,3,,,190,88,100,85,,,,,
PDC,3,,,230,46,85,74,,,,,
PDC,3,,1,250,35,50,44,,,,,
PDC,3,,2,250,50,62,53,,,,,
PDC,3,,3,250,80,107,101,,,,,
PDC,3,,4,250,66,78,52,,,,,
PDC,3,,5,250,39,65,47,,,,,
PDC,3,,1,300,109,182,158,,,,,
PDC,3,,1,450,43,32,29,,,,,
PDC,3,,2,450,38,39,25,,,,,
PDC,3,,3,450,43,54,51,,,,,
PDC,3,,4,450,161,195,192,,,,,
PDC,3,,5,450,41,63,56,,,,,
PDC,3,,,475,82,103,89,,,,,
